png,Name,Pricing
http://skylanderscharacterlist.com/wp-content/uploads/2013/02/Spyro1-150x150.png ,Spyro,"$1,00"
http://skylanderscharacterlist.com/wp-content/uploads/2013/02/DoubleTrouble-150x150.png ,Double Trouble,"$1,50"
http://skylanderscharacterlist.com/wp-content/uploads/2014/02/WreckingBall-150x150.png ,Wrecking Ball,"$2,00"
http://skylanderscharacterlist.com/wp-content/uploads/2013/02/Voodood-150x150.png ,Voodood,"$4,00"
http://skylanderscharacterlist.com/wp-content/uploads/2014/03/Bash-150x150.png ,Bash,"$1,00"
http://skylanderscharacterlist.com/wp-content/uploads/2013/02/DinoRang-150x150.png ,Dino-Rang,"$1,00"
http://skylanderscharacterlist.com/wp-content/uploads/2013/02/PrismBreak-150x150.png ,Prism Break,"$2,00"
http://skylanderscharacterlist.com/wp-content/uploads/2013/02/Terrafin-150x150.png ,Terrafin,"$1,00"
http://skylanderscharacterlist.com/wp-content/uploads/2013/02/SlamBam-150x150.png ,Slam Bam,"$3,00"
http://skylanderscharacterlist.com/wp-content/uploads/2013/02/Zap-150x150.png ,Zap,"$1,00"
http://skylanderscharacterlist.com/wp-content/uploads/2013/02/WhamShell-150x150.png ,Wham-Shell,"$22,00"
http://skylanderscharacterlist.com/wp-content/uploads/2013/02/GillGrunt-150x150.png ,Gill Grunt,"$0,25"
http://skylanderscharacterlist.com/wp-content/uploads/2013/02/Ignitor-150x150.png ,Ignitor,"$2,00"
http://skylanderscharacterlist.com/wp-content/uploads/2013/02/Sunburn-150x150.png ,Sunburn,"$10,00"
http://skylanderscharacterlist.com/wp-content/uploads/2013/02/Flameslinger-150x150.png ,Flameslinger,"$2,00"
http://skylanderscharacterlist.com/wp-content/uploads/2013/02/Eruptor-150x150.png ,Eruptor,"$1,00"
http://skylanderscharacterlist.com/wp-content/uploads/2013/02/Boomer1-150x150.png ,Boomer,"$4,00"
http://skylanderscharacterlist.com/wp-content/uploads/2013/02/DrillSergeant2-150x150.png ,Drill Sergeant,"$1,50"
http://skylanderscharacterlist.com/wp-content/uploads/2013/02/Drobot-150x150.png ,Drobot,"$2,00"
http://skylanderscharacterlist.com/wp-content/uploads/2013/02/TriggerHappy2-150x150.png ,Trigger Happy,"$0,75"
http://skylanderscharacterlist.com/wp-content/uploads/2014/02/Hex-150x150.png ,Hex,"$1,50"
http://skylanderscharacterlist.com/wp-content/uploads/2014/02/Cynder-150x150.png ,Cynder,"$1,50"
http://skylanderscharacterlist.com/wp-content/uploads/2013/02/ChopChop1-150x150.png ,Chop Chop,"$1,00"
http://skylanderscharacterlist.com/wp-content/uploads/2013/02/GhostRoaster-150x150.png ,Ghost Roaster,"$5,00"
http://skylanderscharacterlist.com/wp-content/uploads/2013/02/Whirlwind2-150x150.png ,Whirlwind,"$1,50"
http://skylanderscharacterlist.com/wp-content/uploads/2013/02/Warnado-150x150.png ,Warnado,"$5,00"
http://skylanderscharacterlist.com/wp-content/uploads/2013/02/SonicBoom-150x150.png ,Sonic Boom,"$2,00"
http://skylanderscharacterlist.com/wp-content/uploads/2013/02/LightningRod2-150x150.png ,Lightning Rod,"$1,00"
http://skylanderscharacterlist.com/wp-content/uploads/2014/02/Camo-150x150.png ,Camo,"$8,00"
http://skylanderscharacterlist.com/wp-content/uploads/2013/02/StumpSmash-150x150.png ,Stump Smash,"$1,00"
http://skylanderscharacterlist.com/wp-content/uploads/2013/02/Zook-150x150.png ,Zook,"$1,00"
http://skylanderscharacterlist.com/wp-content/uploads/2013/08/StealthElf-150x150.png ,Stealth Elf,"$1,00"
http://skylanderscharacterlist.com/wp-content/uploads/2013/03/DarkSpyro-150x150.png ,Dark Spyro,"$3,50"
http://skylanderscharacterlist.com/wp-content/uploads/2013/03/LegendarySpyro-150x150.png ,Legendary Spyro,"$6,00"
http://skylanderscharacterlist.com/wp-content/uploads/2013/03/LegendaryBash-150x150.png ,Legendary Bash,"$8,00"
http://skylanderscharacterlist.com/wp-content/uploads/2013/03/LegendaryTriggerHappy-150x150.png ,Legendary Trigger Happy,"$3,50"
http://skylanderscharacterlist.com/wp-content/uploads/2013/03/LegendaryChopChop-150x150.png ,Legendary Chop Chop,"$3,50"
http://skylanderscharacterlist.com/wp-content/uploads/2013/07/EmpireOfIce-150x150.png ,Empire of Ice,"$2,00"
http://skylanderscharacterlist.com/wp-content/uploads/2013/07/PirateShip-150x150.png ,Pirate Seas,"$1,50"
http://skylanderscharacterlist.com/wp-content/uploads/2013/07/DarklightCrypt-150x150.png ,Darklight Crypt,"$2,50"
http://skylanderscharacterlist.com/wp-content/uploads/2013/07/DragonsPeak-150x150.png ,Dragon's Peak,"$3,50"
http://skylanderscharacterlist.com/wp-content/uploads/2013/07/SkyIronShield-150x150.png ,Sky-Iron Shield,"$1,00"
http://skylanderscharacterlist.com/wp-content/uploads/2013/07/AnvilRain-150x150.png ,Anvil Rain,"$1,00"
http://skylanderscharacterlist.com/wp-content/uploads/2013/07/HiddenTreasure-150x150.png ,Hidden Treasure,"$1,00"
http://skylanderscharacterlist.com/wp-content/uploads/2013/07/GhostSwords-150x150.png ,Ghost Swords,"$1,00"
http://skylanderscharacterlist.com/wp-content/uploads/2013/07/HealingElixir1-150x150.png ,Healing Elixir,"$1,00"
http://skylanderscharacterlist.com/wp-content/uploads/2013/07/TimeTwister-150x150.png ,Time Twister,"$0,10"
http://skylanderscharacterlist.com/wp-content/uploads/2013/07/SparxDragonfly-150x150.png ,Sparx Dragonfly,"$1,00"
http://skylanderscharacterlist.com/wp-content/uploads/2013/07/WingedBoots-150x150.png ,Winged Boots,"$1,00"
http://skylanderscharacterlist.com/wp-content/uploads/2013/07/VolcanicVault-150x150.png ,Volcanic Vault,"$90,00"
http://skylanderscharacterlist.com/wp-content/uploads/2014/02/SidekicksGillRunt-150x150.png ,Sidekick Gill Runt,"$25,00"
http://skylanderscharacterlist.com/wp-content/uploads/2014/02/SidekicksTerrabite-150x150.png ,Sidekick Terrabite,"$2,00"
http://skylanderscharacterlist.com/wp-content/uploads/2013/03/SidekicksTriggerSnappy-150x150.png ,Sidekick Trigger Snappy,"$11,00"
http://skylanderscharacterlist.com/wp-content/uploads/2014/02/SidekicksWhisperElf-150x150.png ,Sidekick Whisper Elf,"$18,00"
http://skylanderscharacterlist.com/wp-content/uploads/2013/02/Ninjini-150x150.png,Ninjini,"$8,00"
http://skylanderscharacterlist.com/wp-content/uploads/2013/02/LightCorePopFizz-150x150.png,LC Pop Fizz,"$35,00"
http://skylanderscharacterlist.com/wp-content/uploads/2013/02/Spyro2-150x150.png,S2 Spyro,"$8,00"
http://skylanderscharacterlist.com/wp-content/uploads/2013/02/WreckingBall1-150x150.png,S2 Wrecking Ball,"$2,50"
http://skylanderscharacterlist.com/wp-content/uploads/2013/02/DoubleTrouble1-150x150.png,S2 Double Trouble,"$2,00"
https://skylanderscharacterlist.com/wp-content/uploads/2013/02/PopFizz.png,Pop Fizz,"$0,50"
http://skylanderscharacterlist.com/wp-content/uploads/2013/02/Crusher-150x150.png,Crusher,"$2,00"
http://skylanderscharacterlist.com/wp-content/uploads/2013/02/PrismBreakLightCore-150x150.png,LC Prism Break,"$1,00"
http://skylanderscharacterlist.com/wp-content/uploads/2013/02/Terrafin2-150x150.png,S2 Terrafin,"$1,00"
http://skylanderscharacterlist.com/wp-content/uploads/2014/02/Bash-150x150.png,S2 Bash,"$12,00"
http://skylanderscharacterlist.com/wp-content/uploads/2014/02/PrismBreak-150x150.png,S2 Prism Break,"$2,50"
http://skylanderscharacterlist.com/wp-content/uploads/2013/02/Flashwing-150x150.png,Flashwing,"$2,00"
http://skylanderscharacterlist.com/wp-content/uploads/2013/02/Thumpback-150x150.png,Thumpback,"$3,00"
http://skylanderscharacterlist.com/wp-content/uploads/2013/02/ChillLightCore-150x150.png,LC Chill,"$40,00"
http://skylanderscharacterlist.com/wp-content/uploads/2013/02/SlamBam1-150x150.png,S2 Slam Bam,"$8,00"
http://skylanderscharacterlist.com/wp-content/uploads/2014/02/Zap-150x150.png,S2 Zap,"$4,00"
http://skylanderscharacterlist.com/wp-content/uploads/2013/02/GillGrunt1-150x150.png,S2 Gill Grunt,"$3,00"
http://skylanderscharacterlist.com/wp-content/uploads/2013/02/Chill-150x150.png,Chill,"$2,00"
http://skylanderscharacterlist.com/wp-content/uploads/2014/02/HotHead-150x150.png,Hot Head,"$3,00"
http://skylanderscharacterlist.com/wp-content/uploads/2013/02/EruptorLightCore-150x150.png,LC Eruptor,"$2,00"
http://skylanderscharacterlist.com/wp-content/uploads/2013/02/Ignitor1-150x150.png,S2 Ignitor,"$2,00"
http://skylanderscharacterlist.com/wp-content/uploads/2014/02/Eruptor-150x150.png,S2 Eruptor,"$4,00"
http://skylanderscharacterlist.com/wp-content/uploads/2013/02/Flameslinger1-150x150.png,S2 Flameslinger,"$2,00"
http://skylanderscharacterlist.com/wp-content/uploads/2013/02/HotDog-150x150.png,Hot Dog,"$3,00"
http://skylanderscharacterlist.com/wp-content/uploads/2013/02/Bouncer-150x150.png,Bouncer,"$2,00"
http://skylanderscharacterlist.com/wp-content/uploads/2013/02/DrobotLightCore-150x150.png,LC Drobot,"$1,00"
http://skylanderscharacterlist.com/wp-content/uploads/2013/02/DrillSergeant1-150x150.png,S2 Drill Sergeant,"$2,00"
http://skylanderscharacterlist.com/wp-content/uploads/2013/02/TriggerHappy1-150x150.png,S2 Trigger Happy,"$2,00"
http://skylanderscharacterlist.com/wp-content/uploads/2014/02/Drobot-150x150.png,S2 Drobot,"$90,00"
http://skylanderscharacterlist.com/wp-content/uploads/2013/02/Sprocket-150x150.png,Sprocket,"$2,00"
http://skylanderscharacterlist.com/wp-content/uploads/2013/02/EyeBrawl1-150x150.png,Eye-Brawl,"$3,00"
http://skylanderscharacterlist.com/wp-content/uploads/2014/02/HexLightCore-150x150.png,LC Hex,"$3,00"
http://skylanderscharacterlist.com/wp-content/uploads/2013/02/Cynder1-150x150.png,S2 Cynder,"$1,00"
http://skylanderscharacterlist.com/wp-content/uploads/2014/02/ChopChop-150x150.png,S2 Chop Chop,"$2,00"
http://skylanderscharacterlist.com/wp-content/uploads/2013/02/Hex1-150x150.png,S2 Hex,"$1,00"
http://skylanderscharacterlist.com/wp-content/uploads/2013/02/FrightRider-150x150.png,Fright Rider,"$2,00"
http://skylanderscharacterlist.com/wp-content/uploads/2013/02/Swarm-150x150.png,Swarm,"$2,00"
http://skylanderscharacterlist.com/wp-content/uploads/2013/02/JetVacLightCore-150x150.png,LC Jet-Vac,"$1,00"
http://skylanderscharacterlist.com/wp-content/uploads/2013/02/SonicBoom1-150x150.png,S2 Sonic Boom,"$2,00"
http://skylanderscharacterlist.com/wp-content/uploads/2013/02/Whirlwind1-150x150.png,S2 Whirlwind,"$2,00"
http://skylanderscharacterlist.com/wp-content/uploads/2013/02/LightningRod1-150x150.png,S2 Lightning Rod,"$3,00"
http://skylanderscharacterlist.com/wp-content/uploads/2013/02/JetVac-150x150.png,Jet-Vac,"$1,00"
http://skylanderscharacterlist.com/wp-content/uploads/2013/02/TreeRex-150x150.png,Tree Rex,"$1,00"
http://skylanderscharacterlist.com/wp-content/uploads/2014/02/ShroomboomLightCore-150x150.png,LC Shroomboom,"$3,00"
http://skylanderscharacterlist.com/wp-content/uploads/2013/02/StealthElf1-150x150.png,S2 Stealth Elf,"$2,00"
http://skylanderscharacterlist.com/wp-content/uploads/2013/02/Zook1-150x150.png,S2 Zook,"$2,00"
http://skylanderscharacterlist.com/wp-content/uploads/2013/02/StumpSmash1-150x150.png,S2 Stump Smash,"$2,00"
http://skylanderscharacterlist.com/wp-content/uploads/2013/02/Shroomboom-150x150.png,Shroomboom,"$1,00"
http://skylanderscharacterlist.com/wp-content/uploads/2013/03/ScarletNinjini1-150x150.png,Scarlet Ninjini,"$15,00"
http://skylanderscharacterlist.com/wp-content/uploads/2013/12/PunchPopFizz-150x150.png,Punch Pop Fizz,"$5,00"
http://skylanderscharacterlist.com/wp-content/uploads/2013/03/RoyalDoubleTrouble-150x150.png,Royal Double Trouble,"$114,00"
http://skylanderscharacterlist.com/wp-content/uploads/2013/12/GraniteCrusher-150x150.png,Granite Crusher,"$12,00"
http://skylanderscharacterlist.com/wp-content/uploads/2014/02/JadeFlashwing-150x150.png,Jade Flashwing,"$20,00"
http://skylanderscharacterlist.com/wp-content/uploads/2013/06/LegendaryLightCoreChill-150x150.png,Legendary LC Chill,"$15,00"
http://skylanderscharacterlist.com/wp-content/uploads/2013/03/LegendarySlamBam-150x150.png,Legendary Slam Bam,"$8,00"
http://skylanderscharacterlist.com/wp-content/uploads/2013/03/LegendaryIgnitor-150x150.png,Legendary Ignitor,"$16,00"
http://skylanderscharacterlist.com/wp-content/uploads/2014/02/MoltenHotDog-150x150.png,Molten Hot Dog,"$15,00"
http://skylanderscharacterlist.com/wp-content/uploads/2013/03/LegendaryBouncer-150x150.png,Legendary Bouncer,"$10,00"
http://skylanderscharacterlist.com/wp-content/uploads/2013/06/PolarWhirlwind-150x150.png,Polar Whirlwind,"$26,00"
http://skylanderscharacterlist.com/wp-content/uploads/2013/03/LegendaryJetVac1-150x150.png,Legendary Jet-Vac,"$8,00"
http://skylanderscharacterlist.com/wp-content/uploads/2013/03/GnarlyTreeRex1-150x150.png,Gnarly Tree Rex,"$30,00"
http://skylanderscharacterlist.com/wp-content/uploads/2013/03/LegendaryStealthElf-150x150.png,Legendary Stealth Elf,"$10,00"
http://skylanderscharacterlist.com/wp-content/uploads/2013/07/Cannon-150x150.png,Dragonfire Cannon,"$1,00"
http://skylanderscharacterlist.com/wp-content/uploads/2013/07/GoldenCannon-150x150.png,Golden Dragonfire Cannon,"$1,50"
http://skylanderscharacterlist.com/wp-content/uploads/2013/07/Platinum_TreasureChest-150x150.png,Platinum Treasure Chest,"$15,00"
http://skylanderscharacterlist.com/wp-content/uploads/2013/07/Catapult-150x150.png,Scorpion Striker Catapult,"$1,00"
http://skylanderscharacterlist.com/wp-content/uploads/2013/05/SidekickBarkley-150x150.png,Sidekick Barkley,"$24,00"
http://skylanderscharacterlist.com/wp-content/uploads/2014/02/SidekickEyeSmall-150x150.png,Sidekick Eye Small,"$29,00"
http://skylanderscharacterlist.com/wp-content/uploads/2014/02/SidekickMiniJini-150x150.png,Sidekick Mini Jini,"$20,00"
http://skylanderscharacterlist.com/wp-content/uploads/2014/02/SidekickThumpling-150x150.png,Sidekick Thumpling,"$18,00"
http://skylanderscharacterlist.com/wp-content/uploads/2014/03/TrapShadow-150x150.png,Trap Shadow,"$17,00"
http://skylanderscharacterlist.com/wp-content/uploads/2013/06/HootLoop-150x150.png,Hoot Loop,"$6,00"
http://skylanderscharacterlist.com/wp-content/uploads/2013/02/LightCoreStarStrike-150x150.png,LC Star Strike,"$5,00"
http://skylanderscharacterlist.com/wp-content/uploads/2013/08/MegaRamSpyro-150x150.png,Mega Ram Spyro,"$2,00"
http://skylanderscharacterlist.com/wp-content/uploads/2013/08/SuperGulpPopFizz-150x150.png,Super Gulp Pop Fizz,"$2,00"
http://skylanderscharacterlist.com/wp-content/uploads/2013/12/DuneBug-150x150.png,Dune Bug,"$5,00"
http://skylanderscharacterlist.com/wp-content/uploads/2013/02/StarStrike-150x150.png,Star Strike,"$1,50"
http://skylanderscharacterlist.com/wp-content/uploads/2013/11/DoomStone1-150x150.png,Doom Stone,"$20,00"
http://skylanderscharacterlist.com/wp-content/uploads/2013/12/RubbleRouser1-150x150.png,Rubble Rouser,"$10,00"
http://skylanderscharacterlist.com/wp-content/uploads/2013/08/LightCoreFlashwing-150x150.png,LC Flashwing,"$6,00"
http://skylanderscharacterlist.com/wp-content/uploads/2013/12/HyperBeamPrismBreak-150x150.png,Hyper Beam Prism Break,"$11,00"
http://skylanderscharacterlist.com/wp-content/uploads/2013/08/KnockoutTerrafin-150x150.png,Knockout Terrafin,"$3,00"
http://skylanderscharacterlist.com/wp-content/uploads/2013/08/SlobberTooth1-150x150.png,Slobber Tooth,"$2,00"
http://skylanderscharacterlist.com/wp-content/uploads/2013/08/Scorp-150x150.png,Scorp,"$2,50"
http://skylanderscharacterlist.com/wp-content/uploads/2014/03/FreezeBlade-150x150.png,Freeze Blade,"$11,00"
http://skylanderscharacterlist.com/wp-content/uploads/2013/02/WashBuckler-150x150.png,Wash Buckler,"$1,00"
http://skylanderscharacterlist.com/wp-content/uploads/2013/12/LightCoreWhamShell-150x150.png,LC Wham-Shell,"$10,00"
http://skylanderscharacterlist.com/wp-content/uploads/2013/02/AnchorsAwayGillGrunt-150x150.png,Anchors Away Gill Grunt,"$2,00"
http://skylanderscharacterlist.com/wp-content/uploads/2013/08/BlizzardChill-150x150.png,Blizzard Chill,"$1,50"
http://skylanderscharacterlist.com/wp-content/uploads/2013/08/Riptide-150x150.png,Rip Tide,"$1,00"
http://skylanderscharacterlist.com/wp-content/uploads/2013/11/PunkShock1-150x150.png,Punk Shock,"$22,00"
http://skylanderscharacterlist.com/wp-content/uploads/2013/06/BlastZone-150x150.png,Blast Zone,"$1,00"
http://skylanderscharacterlist.com/wp-content/uploads/2013/06/FireKraken-150x150.png,Fire Kraken,"$8,00"
http://skylanderscharacterlist.com/wp-content/uploads/2013/08/LightCoreSmoulderdash-150x150.png,LC Smolderdash,"$6,00"
http://skylanderscharacterlist.com/wp-content/uploads/2013/06/LavaBarfEruptor-150x150.png,Lava Barf Eruptor,"$3,00"
http://skylanderscharacterlist.com/wp-content/uploads/2014/03/FireBoneHotDog-150x150.png,Fire Bone Hot Dog,"$15,00"
http://skylanderscharacterlist.com/wp-content/uploads/2013/11/Fryno1-150x150.png,Fryno,"$10,00"
http://skylanderscharacterlist.com/wp-content/uploads/2013/12/Smolderdash-150x150.png,Smolderdash,"$6,00"
http://skylanderscharacterlist.com/wp-content/uploads/2013/12/SpyRise-150x150.png,Spy Rise,"$9,00"
http://skylanderscharacterlist.com/wp-content/uploads/2013/08/MagnaCharge-150x150.png,Magna Charge,"$14,00"
http://skylanderscharacterlist.com/wp-content/uploads/2013/12/LightCoreCountdown-150x150.png,LC Countdown,"$7,00"
http://skylanderscharacterlist.com/wp-content/uploads/2013/10/BigBangTriggerHappy-150x150.png,Big Bang Trigger Happy,"$2,00"
http://skylanderscharacterlist.com/wp-content/uploads/2013/08/HeavyDutySprocket-150x150.png,Heavy Duty Sprocket,"$2,00"
http://skylanderscharacterlist.com/wp-content/uploads/2013/12/WindUp-150x150.png,Wind Up,"$8,00"
http://skylanderscharacterlist.com/wp-content/uploads/2013/06/Countdown-150x150.png,Countdown,"$2,00"
http://skylanderscharacterlist.com/wp-content/uploads/2014/02/RattleShake-150x150.png,Rattle Shake,"$7,00"
http://skylanderscharacterlist.com/wp-content/uploads/2013/08/NightShift-150x150.png,Night Shift,"$10,00"
http://skylanderscharacterlist.com/wp-content/uploads/2013/06/GrimCreeper-150x150.png,LC Grim Creeper,"$6,00"
http://skylanderscharacterlist.com/wp-content/uploads/2013/08/TwinBladeChopChop-150x150.png,Twin Blade Chop Chop,"$2,00"
http://skylanderscharacterlist.com/wp-content/uploads/2013/12/PhantomCynder-150x150.png,Phantom Cynder,"$5,00"
http://skylanderscharacterlist.com/wp-content/uploads/2013/06/RollerBrawl-150x150.png,Roller Brawl,"$2,00"
http://skylanderscharacterlist.com/wp-content/uploads/2013/11/GrimCreeper1-150x150.png,Grim Creeper,"$7,00"
http://skylanderscharacterlist.com/wp-content/uploads/2013/06/FreeRanger-150x150.png,Free Ranger,"$6,00"
http://skylanderscharacterlist.com/wp-content/uploads/2014/02/BoomJet-150x150.png,Boom Jet,"$8,00"
http://skylanderscharacterlist.com/wp-content/uploads/2013/08/LightCoreWarnado-150x150.png,LC Warnado,"$7,00"
http://skylanderscharacterlist.com/wp-content/uploads/2013/12/HornBlastWhirlwind-150x150.png,Horn Blast Whirlwind,"$5,00"
http://skylanderscharacterlist.com/wp-content/uploads/2014/03/TurboJetVac-150x150.png,Turbo Jet-Vac,"$12,00"
http://skylanderscharacterlist.com/wp-content/uploads/2013/12/Popthorn-150x150.png,Pop Thorn,"$4,00"
http://skylanderscharacterlist.com/wp-content/uploads/2013/10/Scratch-150x150.png,Scratch,"$49,00"
http://skylanderscharacterlist.com/wp-content/uploads/2013/12/StinkBomb-150x150.png,Stink Bomb,"$8,00"
http://skylanderscharacterlist.com/wp-content/uploads/2013/08/GrillaDrilla-150x150.png,Grilla Drilla,"$8,00"
http://skylanderscharacterlist.com/wp-content/uploads/2013/11/LightCoreBumbleBlast1-150x150.png,LC Bumble Blast,"$55,00"
http://skylanderscharacterlist.com/wp-content/uploads/2014/02/StealthElf-150x150.png,Ninja Stealth Elf,"$1,00"
http://skylanderscharacterlist.com/wp-content/uploads/2013/11/ThornHornCamo1-150x150.png,Thorn Horn Camo,"$12,00"
http://skylanderscharacterlist.com/wp-content/uploads/2014/02/ZooLou-150x150.png,Zoo Lou,"$2,00"
http://skylanderscharacterlist.com/wp-content/uploads/2013/12/BumbleBlast-150x150.png,Bumble Blast,"$10,00"
http://skylanderscharacterlist.com/wp-content/uploads/2014/02/DarkWashBuckler-150x150.png,Dark Wash Buckler,"$16,00"
http://skylanderscharacterlist.com/wp-content/uploads/2014/02/DarkBlastZone-150x150.png,Dark Blast Zone,"$13,00"
http://skylanderscharacterlist.com/wp-content/uploads/2013/08/DarkSlobberTooth-150x150.png,Dark Slobber Tooth,"$14,00"
http://skylanderscharacterlist.com/wp-content/uploads/2013/08/DarkSpyro-150x150.png,Dark Mega Ram Spyro,"$20,00"
http://skylanderscharacterlist.com/wp-content/uploads/2013/08/DarkStealthElf-150x150.png,Dark Ninja Stealth Elf,"$13,00"
http://skylanderscharacterlist.com/wp-content/uploads/2013/08/LegendaryNightShift-150x150.png,Legendary Night Shift,"$12,00"
http://skylanderscharacterlist.com/wp-content/uploads/2013/08/LegendaryFreeRanger-150x150.png,Legendary Free Ranger,"$16,00"
http://skylanderscharacterlist.com/wp-content/uploads/2013/08/LegendaryLightCoreGrimCreeper-150x150.png,Legendary LC Grim Creeper,"$24,00"
http://skylanderscharacterlist.com/wp-content/uploads/2013/08/LegendaryZooLou-150x150.png,Legendary Zoo Lou,"$13,00"
http://skylanderscharacterlist.com/wp-content/uploads/2014/03/NitroFreezeBlade-150x150.png,Nitro Freeze Blade,"$12,00"
http://skylanderscharacterlist.com/wp-content/uploads/2013/10/NitroMagnaCharge1-150x150.png,Nitro Magna Charge,"$23,00"
http://skylanderscharacterlist.com/wp-content/uploads/2014/02/EnchantedHootLoop-150x150.png,Enchanted Hoot Loop,"$14,00"
http://skylanderscharacterlist.com/wp-content/uploads/2013/11/EnchantedStarStrike1-150x150.png,Enchanted LC Star Strike,"$21,00"
http://skylanderscharacterlist.com/wp-content/uploads/2013/11/QuickdrawRattleShake-150x150.png,Quick Draw Rattle Shake,"$40,00"
http://skylanderscharacterlist.com/wp-content/uploads/2013/11/JadeFireKraken3-150x150.png,Jade Fire Kraken,"$26,00"
http://skylanderscharacterlist.com/wp-content/uploads/2013/06/VolcanicEruptor-150x150.png,Volcanic Eruptor,"$10,00"
http://skylanderscharacterlist.com/wp-content/uploads/2013/11/Jolly-BumbleBlast-150x150.png,Jolly Bumble Blast,"$12,00"
http://skylanderscharacterlist.com/wp-content/uploads/2013/11/SpringtimeTriggerHappy2-150x150.png,Springtime Trigger Happy,"$16,00"
http://skylanderscharacterlist.com/wp-content/uploads/2014/04/KickoffCountdown-150x150.png,Kickoff Countdown,"$3,00"
http://skylanderscharacterlist.com/wp-content/uploads/2013/12/TowerOfTime1-150x150.png,Tower of Time,"$8,00"
http://skylanderscharacterlist.com/wp-content/uploads/2013/12/SheepWreckIsland1-150x150.png,Sheep Wreck Island,"$6,00"
http://skylanderscharacterlist.com/wp-content/uploads/2013/12/FieryForge1-150x150.png,Fiery Forge,"$6,00"
http://skylanderscharacterlist.com/wp-content/uploads/2013/12/ArkeyanCrossbow-150x150.png,Arkeyan Crossbow,"$2,00"
http://skylanderscharacterlist.com/wp-content/uploads/2013/12/GrooveMachine1-150x150.png,Groove Machine,"$3,00"
http://skylanderscharacterlist.com/wp-content/uploads/2013/12/PlatinumSheep1-150x150.png,Platinum Sheep,"$1,00"
http://skylanderscharacterlist.com/wp-content/uploads/2013/12/SkyDiamond1-150x150.png,Sky Diamond,"$1,00"
http://skylanderscharacterlist.com/wp-content/uploads/2013/12/BattleHammer1-150x150.png,Battle Hammer,"$3,00"
http://skylanderscharacterlist.com/wp-content/uploads/2014/09/Blastermind-150x150.png,Blastermind,"$18,00"
http://skylanderscharacterlist.com/wp-content/uploads/2014/09/Enigma-150x150.png,Enigma,"$50,00"
http://skylanderscharacterlist.com/wp-content/uploads/2014/09/FizzyFrenzyPopFizz-150x150.png,Fizzy Frenzy Pop Fizz,"$14,00"
http://skylanderscharacterlist.com/wp-content/uploads/2014/09/DejaVu-150x150.png,Deja Vu,"$10,00"
http://skylanderscharacterlist.com/wp-content/uploads/2014/09/CobraCadabra-150x150.png,Cobra Cadabra,"$15,00"
http://skylanderscharacterlist.com/wp-content/uploads/2014/08/MiniJini-150x150.png,Mini Jini,"$8,00"
http://skylanderscharacterlist.com/wp-content/uploads/2014/08/Spry-150x150.png,Spry,"$12,00"
http://skylanderscharacterlist.com/wp-content/uploads/2014/06/Wallop-150x150.png,Wallop,"$34,00"
http://skylanderscharacterlist.com/wp-content/uploads/2014/08/HeadRush-150x150.png,Head Rush,"$15,00"
http://skylanderscharacterlist.com/wp-content/uploads/2014/09/RockyRoll-150x150.png,Rocky Roll,"$18,00"
http://skylanderscharacterlist.com/wp-content/uploads/2014/09/FistBump-150x150.png,Fist Bump,"$12,00"
http://skylanderscharacterlist.com/wp-content/uploads/2014/08/Terrabite-150x150.png,Terrabite,"$6,00"
http://skylanderscharacterlist.com/wp-content/uploads/2014/08/Bop-150x150.png,Bop,"$4,00"
http://skylanderscharacterlist.com/wp-content/uploads/2014/04/SnapShot-150x150.png,Snap Shot,"$1,00"
http://skylanderscharacterlist.com/wp-content/uploads/2014/09/LobStar-150x150.png,Lob-Star,"$12,00"
http://skylanderscharacterlist.com/wp-content/uploads/2014/06/TidalWaveGillGrunt1-150x150.png,Tidal Wave Gill Grunt,"$2,00"
http://skylanderscharacterlist.com/wp-content/uploads/2014/09/Echo-150x150.png,Echo,"$40,00"
http://skylanderscharacterlist.com/wp-content/uploads/2014/05/FlipWreck1-150x150.png,Flip Wreck,"$15,00"
http://skylanderscharacterlist.com/wp-content/uploads/2014/08/Thumping-150x150.png,Thumpling,"$18,00"
http://skylanderscharacterlist.com/wp-content/uploads/2014/08/GillRunt-150x150.png,Gill Runt,"$18,00"
http://skylanderscharacterlist.com/wp-content/uploads/2014/06/WildFire-150x150.png,Wildfire,"$17,00"
http://skylanderscharacterlist.com/wp-content/uploads/2014/08/Kaboom-150x150.png,Ka-Boom,"$25,00"
http://skylanderscharacterlist.com/wp-content/uploads/2014/09/HogWildFryno-150x150.png,Hog Wild Fryno,"$10,00"
http://skylanderscharacterlist.com/wp-content/uploads/2014/05/Torch-150x150.png,Torch,"$6,00"
http://skylanderscharacterlist.com/wp-content/uploads/2014/09/TrailBlazer-150x150.png,Trail Blazer,"$10,00"
http://skylanderscharacterlist.com/wp-content/uploads/2014/08/SmallFry-150x150.png,Small Fry,"$11,00"
http://skylanderscharacterlist.com/wp-content/uploads/2014/08/Weeruptor-150x150.png,Weeruptor,"$18,00"
http://skylanderscharacterlist.com/wp-content/uploads/2014/06/JawBreaker1-150x150.png,Jawbreaker,"$10,00"
http://skylanderscharacterlist.com/wp-content/uploads/2014/06/Gearshift-150x150.png,Gearshift,"$24,00"
http://skylanderscharacterlist.com/wp-content/uploads/2014/09/TreadHead-150x150.png,Tread Head,"$15,00"
http://skylanderscharacterlist.com/wp-content/uploads/2014/06/Chopper-150x150.png,Chopper,"$5,00"
http://skylanderscharacterlist.com/wp-content/uploads/2014/08/TriggerSnappy-150x150.png,Trigger Snappy,"$7,00"
http://skylanderscharacterlist.com/wp-content/uploads/2014/08/Drobit-150x150.png,Drobit,"$7,00"
http://skylanderscharacterlist.com/wp-content/uploads/2014/06/KryptKing1-150x150.png,Krypt King,"$25,00"
http://skylanderscharacterlist.com/wp-content/uploads/2014/09/ShortCut-150x150.png,Short Cut,"$35,00"
http://skylanderscharacterlist.com/wp-content/uploads/2014/04/FunnyBone-150x150.png,Funny Bone,"$5,00"
http://skylanderscharacterlist.com/wp-content/uploads/2014/05/BatSpin1-150x150.png,Bat Spin,"$18,00"
http://skylanderscharacterlist.com/wp-content/uploads/2014/08/Hijinx-150x150.png,Hijinx,"$6,00"
http://skylanderscharacterlist.com/wp-content/uploads/2014/08/EyeSmall-150x150.png,Eye Small,"$7,00"
http://skylanderscharacterlist.com/wp-content/uploads/2014/06/Gusto1-150x150.png,Gusto,"$5,00"
http://skylanderscharacterlist.com/wp-content/uploads/2014/09/Thunderbolt-150x150.png,Thunderbolt,"$35,00"
http://skylanderscharacterlist.com/wp-content/uploads/2014/09/FullBlastJetVac-150x150.png,Full Blast Jet-Vac,"$6,00"
http://skylanderscharacterlist.com/wp-content/uploads/2014/09/FlingKong-150x150.png,Fling Kong,"$22,00"
http://skylanderscharacterlist.com/wp-content/uploads/2014/09/Blades-150x150.png,Blades,"$7,00"
http://skylanderscharacterlist.com/wp-content/uploads/2014/08/PetVac-150x150.png,Pet Vac,"$25,00"
http://skylanderscharacterlist.com/wp-content/uploads/2014/08/Breeze-150x150.png,Breeze,"$150,00"
http://skylanderscharacterlist.com/wp-content/uploads/2014/09/TuffLuck-150x150.png,Tuff Luck,"$15,00"
http://skylanderscharacterlist.com/wp-content/uploads/2014/08/BushWhack-150x150.png,Bushwhack,"$12,00"
http://skylanderscharacterlist.com/wp-content/uploads/2014/09/SureShotShroomboom-150x150.png,Sure Shot Shroomboom,"$1,00"
http://skylanderscharacterlist.com/wp-content/uploads/2014/04/FoodFight-150x150.png,Food Fight,"$1,00"
http://skylanderscharacterlist.com/wp-content/uploads/2014/05/HighFive1-150x150.png,High Five,"$12,00"
http://skylanderscharacterlist.com/wp-content/uploads/2014/08/WhisperElf-150x150.png,Whisper Elf,"$40,00"
http://skylanderscharacterlist.com/wp-content/uploads/2014/08/Barkley-150x150.png,Barkley,"$15,00"
http://skylanderscharacterlist.com/wp-content/uploads/2014/10/KnightLight-150x150.png,Knight Light,"$45,00"
http://skylanderscharacterlist.com/wp-content/uploads/2014/10/Spotlight-150x150.png,Spotlight,"$40,00"
http://skylanderscharacterlist.com/wp-content/uploads/2014/10/KnightMare-150x150.png,Knight Mare,"$35,00"
http://skylanderscharacterlist.com/wp-content/uploads/2014/10/Blackout-150x150.png,Blackout,"$45,00"
http://skylanderscharacterlist.com/wp-content/uploads/2014/07/DarkSnapShot-150x150.png,Dark Snap Shot,"$12,00"
http://skylanderscharacterlist.com/wp-content/uploads/2014/07/DarkWildFire-150x150.png,Dark Wildfire,"$19,00"
http://skylanderscharacterlist.com/wp-content/uploads/2014/07/DarkFoodFight-150x150.png,Dark Food Fight,"$6,00"
http://skylanderscharacterlist.com/wp-content/uploads/2014/09/LegendaryJawbreaker-150x150.png,Legendary Jawbreaker,"$15,00"
http://skylanderscharacterlist.com/wp-content/uploads/2014/09/LegendaryBushwhack-150x150.png,Legendary Bushwhack,"$20,00"
http://skylanderscharacterlist.com/wp-content/uploads/2014/10/LegendaryDejaVu-150x150.png,Legendary Deja Vu,"$20,00"
http://skylanderscharacterlist.com/wp-content/uploads/2014/09/LegendaryBlades-150x150.png,Legendary Blades,"$33,00"
http://skylanderscharacterlist.com/wp-content/uploads/2014/09/NitroHeadRush-150x150.png,Nitro Head Rush,"$36,00"
http://skylanderscharacterlist.com/wp-content/uploads/2014/09/NitroKryptKing-150x150.png,Nitro Krypt King,"$25,00"
http://skylanderscharacterlist.com/wp-content/uploads/2014/10/KingCobraCadabra-150x150.png,King Cobra Cadabra,"$23,00"
http://skylanderscharacterlist.com/wp-content/uploads/2014/10/GnarlyBarkley-150x150.png,Gnarly Barkley,"$20,00"
http://skylanderscharacterlist.com/wp-content/uploads/2015/03/PowerPunchPetVac-150x150.png,Power Punch Pet Vac,"$12,00"
http://skylanderscharacterlist.com/wp-content/uploads/2014/10/WinterfestLobStar1-150x150.png,Winterfest Lob-Star,"$17,00"
http://skylanderscharacterlist.com/wp-content/uploads/2014/10/LovePotionPopFizz2-150x150.png,Love Potion Pop Fizz,"$10,00"
http://skylanderscharacterlist.com/wp-content/uploads/2014/10/EggscellentWeeruptor-150x150.png,Eggsellent Weeruptor,"$2,50"
http://skylanderscharacterlist.com/wp-content/uploads/2014/10/MidnightMuseum-150x150.png,Midnight Museum,"$22,00"
http://skylanderscharacterlist.com/wp-content/uploads/2014/10/SunscraperSpire-150x150.png,Sunscraper Spire,"$25,00"
http://skylanderscharacterlist.com/wp-content/uploads/2014/09/NightmareExpress-150x150.png,Nightmare Express,"$12,00"
http://skylanderscharacterlist.com/wp-content/uploads/2014/10/MirrorOfMystery-150x150.png,Mirror of Mystery,"$25,00"
http://skylanderscharacterlist.com/wp-content/uploads/2014/09/HandOfFate1-150x150.png,Hand of Fate,"$5,00"
http://skylanderscharacterlist.com/wp-content/uploads/2014/09/PiggyBank-150x150.png,Piggy Bank,"$6,00"
http://skylanderscharacterlist.com/wp-content/uploads/2014/10/TikiSpeaky-150x150.png,Tiki Speaky,"$4,00"
http://skylanderscharacterlist.com/wp-content/uploads/2014/10/RocketRam-150x150.png,Rocket Ram,"$4,00"
http://skylanderscharacterlist.com/wp-content/uploads/2014/09/HandOfFate-150x150.png,Legendary Hand of Fate,"$22,00"
http://skylanderscharacterlist.com/wp-content/uploads/2014/09/MagicAxeTrap1-150x150.png,Magic Axe,"$6,50"
http://skylanderscharacterlist.com/wp-content/uploads/2014/10/MagicHourglassTrap-150x150.png,Magic Hourglass,"$5,00"
http://skylanderscharacterlist.com/wp-content/uploads/2014/09/MagicLogHolderTrap1-150x150.png,Magic Log Holder,"$4,50"
http://skylanderscharacterlist.com/wp-content/uploads/2014/09/MagicRocketTrap-150x150.png,Magic Rocket,"$7,00"
http://skylanderscharacterlist.com/wp-content/uploads/2014/09/MagicSkullTrap-150x150.png,Magic Skull,"$4,50"
http://skylanderscharacterlist.com/wp-content/uploads/2014/09/MagicTotemTrap-150x150.png,Magic Totem,"$6,00"
http://skylanderscharacterlist.com/wp-content/uploads/2014/09/EarthHammerTrap1-150x150.png,Earth Hammer,"$5,00"
http://skylanderscharacterlist.com/wp-content/uploads/2015/03/EarthHandstandTrap-150x150.png,Earth Handstand,"$10,50"
http://skylanderscharacterlist.com/wp-content/uploads/2014/10/EarthHourglassTrap1-150x150.png,Earth Hourglass,"$3,50"
http://skylanderscharacterlist.com/wp-content/uploads/2014/09/EarthOrbTrap1-150x150.png,Earth Orb,"$4,50"
http://skylanderscharacterlist.com/wp-content/uploads/2014/09/EarthTotemTrap-150x150.png,Earth Totem,"$5,50"
http://skylanderscharacterlist.com/wp-content/uploads/2014/09/EarthToucanTrap1-150x150.png,Earth Toucan,"$7,00"
http://skylanderscharacterlist.com/wp-content/uploads/2014/09/WaterAngelTrap-150x150.png,Water Angel,"$2,00"
http://skylanderscharacterlist.com/wp-content/uploads/2014/09/WaterAxeTrap1-150x150.png,Water Axe,"$7,00"
http://skylanderscharacterlist.com/wp-content/uploads/2014/09/WaterFlyingHelmetTrap-150x150.png,Water Flying Helmet,"$10,50"
http://skylanderscharacterlist.com/wp-content/uploads/2014/09/WaterJugheadTrap1-150x150.png,Water Jughead,"$6,00"
http://skylanderscharacterlist.com/wp-content/uploads/2014/09/WaterLogHolderTrap1-150x150.png,Water Log Holder,"$2,00"
http://skylanderscharacterlist.com/wp-content/uploads/2014/09/WaterTikiTrap-150x150.png,Water Tiki,"$0,50"
http://skylanderscharacterlist.com/wp-content/uploads/2015/04/FireCaptainsHatTrap-150x150.png,Fire Captain's Hat,"$7,00"
http://skylanderscharacterlist.com/wp-content/uploads/2014/09/FireScepterTrap-150x150.png,Fire Scepter,"$6,00"
http://skylanderscharacterlist.com/wp-content/uploads/2014/10/FireScreamerTrap1-150x150.png,Fire Screamer,"$6,00"
http://skylanderscharacterlist.com/wp-content/uploads/2014/09/FireTorchTrap1-150x150.png,Fire Torch,"$3,00"
http://skylanderscharacterlist.com/wp-content/uploads/2014/09/FireTotemTrap-150x150.png,Fire Totem,"$5,00"
http://skylanderscharacterlist.com/wp-content/uploads/2014/09/FireYawnTrap-150x150.png,Fire Yawn,"$450,00"
http://skylanderscharacterlist.com/wp-content/uploads/2014/09/TechAngelTrap-150x150.png,Tech Angel,"$5,00"
http://skylanderscharacterlist.com/wp-content/uploads/2014/09/TechFlyingHelmetTrap-150x150.png,Tech Flying Helmet,"$6,00"
http://skylanderscharacterlist.com/wp-content/uploads/2014/09/TechHandTrap-150x150.png,Tech Hand,"$8,00"
http://skylanderscharacterlist.com/wp-content/uploads/2015/04/TechHandstandTrap-150x150.png,Tech Handstand,"$11,00"
http://skylanderscharacterlist.com/wp-content/uploads/2014/09/TechScepterTrap1-150x150.png,Tech Scepter,"$2,50"
http://skylanderscharacterlist.com/wp-content/uploads/2014/09/TechTikiTrap-150x150.png,Tech Tiki,"$20,00"
http://skylanderscharacterlist.com/wp-content/uploads/2014/09/UndeadAxeTrap1-150x150.png,Undead Axe,"$4,00"
http://skylanderscharacterlist.com/wp-content/uploads/2015/04/UndeadCaptainsHatTrap-150x150.png,Undead Captain's Hat,"$11,00"
http://skylanderscharacterlist.com/wp-content/uploads/2014/09/UndeadHandTrap-150x150.png,Undead Hand,"$5,00"
http://skylanderscharacterlist.com/wp-content/uploads/2014/09/UndeadOrbTrap1-150x150.png,Undead Orb,"$7,50"
http://skylanderscharacterlist.com/wp-content/uploads/2014/09/UndeadSkullTrap1-150x150.png,Undead Skull,"$4,00"
http://skylanderscharacterlist.com/wp-content/uploads/2014/09/UndeadSnakeTrap-150x150.png,Undead Snake,"$15,00"
http://skylanderscharacterlist.com/wp-content/uploads/2014/10/AirHourglassTrap-150x150.png,Air Hourglass,"$6,00"
http://skylanderscharacterlist.com/wp-content/uploads/2014/09/AirJugheadTrap1-150x150.png,Air Jughead,"$3,00"
http://skylanderscharacterlist.com/wp-content/uploads/2014/10/AirScreamerTrap1-150x150.png,Air Screamer,"$5,50"
http://skylanderscharacterlist.com/wp-content/uploads/2014/09/AirSnakeTrap-150x150.png,Air Snake,"$4,50"
http://skylanderscharacterlist.com/wp-content/uploads/2014/09/AirSwordTrap-150x150.png,Air Sword,"$8,50"
http://skylanderscharacterlist.com/wp-content/uploads/2014/09/AirToucanTrap1-150x150.png,Air Toucan,"$10,00"
http://skylanderscharacterlist.com/wp-content/uploads/2014/09/LifeHammerTrap-150x150.png,Life Hammer,"$0,75"
http://skylanderscharacterlist.com/wp-content/uploads/2014/09/LifeSnakeTrap-150x150.png,Life Snake,"$1,50"
http://skylanderscharacterlist.com/wp-content/uploads/2014/09/LifeSwordTrap-150x150.png,Life Sword,"$10,00"
http://skylanderscharacterlist.com/wp-content/uploads/2014/09/LifeTorchTrap-150x150.png,Life Torch,"$5,00"
http://skylanderscharacterlist.com/wp-content/uploads/2014/09/LifeToucanTrap1-150x150.png,Life Toucan,"$7,00"
http://skylanderscharacterlist.com/wp-content/uploads/2014/09/LifeYawnTrap-150x150.png,Life Yawn,"$280,00"
http://skylanderscharacterlist.com/wp-content/uploads/2014/10/LightHawkTrap-150x150.png,Light Owl,"$36,00"
http://skylanderscharacterlist.com/wp-content/uploads/2014/10/LightRocketTrap1-150x150.png,Light Rocket,"$39,00"
http://skylanderscharacterlist.com/wp-content/uploads/2015/04/LightYawnTrap-150x150.png,Light Yawn,"$160,00"
http://skylanderscharacterlist.com/wp-content/uploads/2015/04/DarkHandstandTrap-150x150.png,Dark Handstand,"$40,00"
http://skylanderscharacterlist.com/wp-content/uploads/2014/10/DarkSpiderTrap1-150x150.png,Dark Spider,"$33,00"
http://skylanderscharacterlist.com/wp-content/uploads/2014/10/DarkSwordTrap-150x150.png,Dark Sword,"$38,00"
http://skylanderscharacterlist.com/wp-content/uploads/2014/06/KaosTrap-150x150.png,Kaos Trap,"$11,00"
http://skylanderscharacterlist.com/wp-content/uploads/2014/07/UltimateKaosTrap-150x150.png,Ultimate Kaos Trap,"$22,00"
http://skylanderscharacterlist.com/wp-content/uploads/2015/02/EasterBunnyEarthTrap-150x150.png,Easter Bunny Earth Trap,"$17,00"
http://skylanderscharacterlist.com/wp-content/uploads/2014/11/LegendaryUndeadOrb1-150x150.png,Legendary Undead Orb,"$38,00"
http://skylanderscharacterlist.com/wp-content/uploads/2014/11/LegendaryUndeadSkullTrap1-150x150.png,Legendary Undead Skull,"$36,00"
http://skylanderscharacterlist.com/wp-content/uploads/2014/11/LegendaryWaterJugheadTrap1-150x150.png,Legendary Water Jughead,"$47,00"
http://skylanderscharacterlist.com/wp-content/uploads/2014/09/TechFlyingHelmetTrap-150x150.png,Steampunk Shreadnaught,"$28,00"
http://skylanderscharacterlist.com/wp-content/uploads/2014/09/WaterLogHolderTrap1-150x150.png,Outlaw Brawl and Chain,"$9,00"
http://skylanderscharacterlist.com/wp-content/uploads/2014/09/LifeToucanTrap1-150x150.png,Steamed Broccoli Guy,"$32,00"
http://skylanderscharacterlist.com/wp-content/uploads/2014/09/LifeTorchTrap-150x150.png,Riot Shield Shredder,"$17,00"
http://skylanderscharacterlist.com/wp-content/uploads/2014/10/LightRocketTrap1-150x150.png,Rebel Lob Goblin,"$62,00"
http://skylanderscharacterlist.com/wp-content/uploads/2014/09/EarthTotemTrap-150x150.png,Red Hot Tussel Sprout,"$18,00"
http://skylanderscharacterlist.com/wp-content/uploads/2015/07/Splat-150x150.png,Splat,"$12,00"
http://skylanderscharacterlist.com/wp-content/uploads/2015/07/BigBubblePopFizz-150x150.png,Big Bubble Pop Fizz,"$4,50"
http://skylanderscharacterlist.com/wp-content/uploads/2015/07/SmashHit-150x150.png,Smash Hit,"$6,00"
http://skylanderscharacterlist.com/wp-content/uploads/2015/06/SharkShooterTerrafin2-150x150.png,Shark Shooter Terrafin,"$3,50"
https://skylanderscharacterlist.com/wp-content/uploads/2015/06/DiveClops.png,Dive-Clops,"$9,00"
http://skylanderscharacterlist.com/wp-content/uploads/2015/06/DeepDiveGillGrunt1-150x150.png,Deep Dive Gill Grunt,"$5,50"
https://skylanderscharacterlist.com/wp-content/uploads/2015/06/SpitFire.png,Spitfire,"$3,00"
http://skylanderscharacterlist.com/wp-content/uploads/2015/07/LavaLanceEruptor1-150x150.png,Lava Lance Eruptor,"$13,50"
https://skylanderscharacterlist.com/wp-content/uploads/2015/06/HammerSlamBowser.png,Hammer Slam Bowser,"$18,00"
https://skylanderscharacterlist.com/wp-content/uploads/2015/07/HighVolt.png,High Volt,"$7,00"
http://skylanderscharacterlist.com/wp-content/uploads/2015/07/DoubleDareTriggerHappy-150x150.png,Double Dare Trigger Happy,"$125,00"
http://skylanderscharacterlist.com/wp-content/uploads/2015/06/Fiesta-150x150.png,Fiesta,"$17,00"
http://skylanderscharacterlist.com/wp-content/uploads/2015/07/BoneBashRollerBrawl-150x150.png,Bone Bash Roller Brawl,"$13,50"
http://skylanderscharacterlist.com/wp-content/uploads/2015/06/StormBlade-150x150.png,Stormblade,"$7,00"
https://skylanderscharacterlist.com/wp-content/uploads/2015/06/HurricaneJetVac.png,Hurricane Jet-Vac,"$7,50"
http://skylanderscharacterlist.com/wp-content/uploads/2015/07/Thrillipede-150x150.png,Thrillipede,"$105,00"
https://skylanderscharacterlist.com/wp-content/uploads/2015/06/SuperShotStealthElf.png,Super Shot Stealth Elf,"$1,00"
https://skylanderscharacterlist.com/wp-content/uploads/2015/06/TurboChargeDonkeyKong.png,Turbo Charge Donkey Kong,"$10,00"
http://skylanderscharacterlist.com/wp-content/uploads/2015/06/Nightfall-150x150.png,Nightfall,"$21,00"
https://skylanderscharacterlist.com/wp-content/uploads/2015/07/Astroblast.png,Astroblast,"$6,50"
https://skylanderscharacterlist.com/wp-content/uploads/2015/07/DarkSpitfire-300.png,Dark Spitfire,"$14,00"
http://skylanderscharacterlist.com/wp-content/uploads/2015/07/DarkSuperShotStealthElf-300-150x150.png,Dark Super Shot Stealth Elf,"$12,00"
https://skylanderscharacterlist.com/wp-content/uploads/2015/07/DarkTurboChargeDonkeyKong-300.png,Dark Turbo Charge Donkey Kong,"$35,00"
http://skylanderscharacterlist.com/wp-content/uploads/2015/07/DarkHammerSlamBowser-300-150x150.png,Dark Hammer Slam Bowser,"$40,00"
http://skylanderscharacterlist.com/wp-content/uploads/2015/09/LegendaryAstroblast-150x150.png,Legendary Astroblast,"$15,00"
http://skylanderscharacterlist.com/wp-content/uploads/2015/09/LegendaryBoneBashRollerBrawl-150x150.png,Legendary Bone Bash Roller Brawl,"$18,00"
http://skylanderscharacterlist.com/wp-content/uploads/2015/08/LegendaryHurricaneJetVac-150x150.png,Legendary Hurricane Jet-Vac,"$9,00"
https://skylanderscharacterlist.com/wp-content/uploads/2016/02/PowerBlueSplat.png,Power Blue Splat,"$14,00"
https://skylanderscharacterlist.com/wp-content/uploads/2016/02/PowerBlueTriggerHappy.png,Power Blue Trigger Happy,"$45,00"
http://skylanderscharacterlist.com/wp-content/uploads/2015/08/SteelPlatedSmashHit-150x150.png,Steel Plated Smash Hit,"$12,00"
http://skylanderscharacterlist.com/wp-content/uploads/2015/12/BirthdayBashBigBubblePopFizz-300x300.png,Birthday Bash Big Bubble Pop Fizz,"$14,00"
http://skylanderscharacterlist.com/wp-content/uploads/2015/11/MissileTowDiveClops-300x300.png,Missile-Tow Dive-Clops,"$18,00"
http://skylanderscharacterlist.com/wp-content/uploads/2015/08/FrightfulFiesta-150x150.png,Frightful Fiesta,"$18,00"
http://skylanderscharacterlist.com/wp-content/uploads/2015/10/EggcitedThrillipede-300x300.png,Eggcited Thrillipede,"$24,00"
http://skylanderscharacterlist.com/wp-content/uploads/2015/07/KaosTrophy300-150x150.png,Kaos Trophy,"$2,00"
https://skylanderscharacterlist.com/wp-content/uploads/2016/02/LandTrophy.png,Land Trophy,"$45,00"
https://skylanderscharacterlist.com/wp-content/uploads/2015/08/SeaTrophy.png,Sea Trophy,"$5,00"
http://skylanderscharacterlist.com/wp-content/uploads/2015/10/SkyTrophy.png,Sky Trophy,"$2,50"
http://skylanderscharacterlist.com/wp-content/uploads/2015/07/SplatterSplasher-150x150.png,Splatter Splasher,"$2,50"
http://skylanderscharacterlist.com/wp-content/uploads/2015/07/SodaSkimmer-150x150.png,Soda Skimmer,"$20,00"
http://skylanderscharacterlist.com/wp-content/uploads/2015/07/ThumpTruck-150x150.png,Thump Truck,"$6,00"
https://skylanderscharacterlist.com/wp-content/uploads/2015/06/SharkTank.png,Shark Tank,"$2,50"
http://skylanderscharacterlist.com/wp-content/uploads/2015/06/DiveBomber-150x150.png,Dive Bomber,"$2,00"
http://skylanderscharacterlist.com/wp-content/uploads/2015/06/ReefRipper1-150x150.png,Reef Ripper,"$4,50"
https://skylanderscharacterlist.com/wp-content/uploads/2015/06/HotStreak.png,Hot Streak,"$2,00"
http://skylanderscharacterlist.com/wp-content/uploads/2015/07/BurnCycle1-150x150.png,Burn-Cycle,"$4,00"
https://skylanderscharacterlist.com/wp-content/uploads/2015/06/ClownCruiser.png,Clown Cruiser,"$5,50"
http://skylanderscharacterlist.com/wp-content/uploads/2015/07/ShieldStriker-150x150.png,Shield Striker,"$4,00"
http://skylanderscharacterlist.com/wp-content/uploads/2015/07/GoldRusher-150x150.png,Gold Rusher,"$34,00"
http://skylanderscharacterlist.com/wp-content/uploads/2015/06/CryptCrusher-150x150.png,Crypt Crusher,"$6,00"
http://skylanderscharacterlist.com/wp-content/uploads/2015/07/TombBuggy-150x150.png,Tomb Buggy,"$16,00"
http://skylanderscharacterlist.com/wp-content/uploads/2015/06/SkySlicer-150x150.png,Sky Slicer,"$2,00"
http://skylanderscharacterlist.com/wp-content/uploads/2015/06/JetStream-150x150.png,Jet Stream,"$2,00"
http://skylanderscharacterlist.com/wp-content/uploads/2015/07/BuzzWing-150x150.png,Buzz Wing,"$16,00"
http://skylanderscharacterlist.com/wp-content/uploads/2015/07/StealthStinger-150x150.png,Stealth Stinger,"$3,00"
https://skylanderscharacterlist.com/wp-content/uploads/2015/06/BarrelBlaster.png,Barrel Blaster,"$5,00"
http://skylanderscharacterlist.com/wp-content/uploads/2015/07/SunRunner-150x150.png,Sun Runner,"$8,00"
https://skylanderscharacterlist.com/wp-content/uploads/2015/06/SeaShadow.png,Sea Shadow,"$4,00"
http://skylanderscharacterlist.com/wp-content/uploads/2015/07/DarkHotStreak-300-150x150.png,Dark Hot Streak,"$4,00"
http://skylanderscharacterlist.com/wp-content/uploads/2015/07/DarkSeaShadow-300-150x150.png,Dark Sea Shadow,"$9,00"
http://skylanderscharacterlist.com/wp-content/uploads/2015/07/DarkBarrelBlaster-300-150x150.png,Dark Barrel Blaster,"$19,00"
http://skylanderscharacterlist.com/wp-content/uploads/2015/07/DarkClownCruiser-300-150x150.png,Dark Clown Cruiser,"$14,00"
http://skylanderscharacterlist.com/wp-content/uploads/2015/09/LegendarySunRunner-150x150.png,Legendary Sun Runner,"$13,00"
https://skylanderscharacterlist.com/wp-content/uploads/2015/09/NitroSodaSkimmer.png,Nitro Soda Skimmer,"$12,50"
http://skylanderscharacterlist.com/wp-content/uploads/2015/08/NitroStealthStinger-150x150.png,Nitro Stealth Stinger,"$14,00"
https://skylanderscharacterlist.com/wp-content/uploads/2016/02/PowerBlueGoldRusher.png,Power Blue Gold Rusher,"$26,00"
https://skylanderscharacterlist.com/wp-content/uploads/2016/02/PowerBlueSplatterSplasher.png,Power Blue Splatter Splasher,"$6,00"
https://tekgamestudios.com/wp-content/uploads/2023/04/hot-streak-e3-exclusive.jpg,E3 Hot Streak,"$60,00"
http://skylanderscharacterlist.com/wp-content/uploads/2015/09/GoldenHotStreak1.png,Golden Hot Streak,"$90,00"
http://skylanderscharacterlist.com/wp-content/uploads/2015/09/SpringAheadDiveBomber.png,Spring Ahead Dive Bomber,"$10,00"
http://skylanderscharacterlist.com/wp-content/uploads/2016/05/MysticatFinal.png,Mysticat,"$20,00"
http://skylanderscharacterlist.com/wp-content/uploads/2016/11/Buckshot.png,Buckshot,"$35,00"
http://skylanderscharacterlist.com/wp-content/uploads/2016/11/PainYatta.png,Pain-Yatta,"$50,00"
http://skylanderscharacterlist.com/wp-content/uploads/2016/05/BarbellaFinal.png,Barbella,"$17,00"
http://skylanderscharacterlist.com/wp-content/uploads/2016/05/TriTipFinal-1.png,Tri-Tip,"$22,00"
http://skylanderscharacterlist.com/wp-content/uploads/2016/06/GoldenQueenEdit.png,Golden Queen,"$2,00"
http://skylanderscharacterlist.com/wp-content/uploads/2016/05/KingPen.png,King Pen,"$2,00"
http://skylanderscharacterlist.com/wp-content/uploads/2016/11/Tidepool.png,Tidepool,"$30,00"
http://skylanderscharacterlist.com/wp-content/uploads/2017/03/GraveClobber_Actual.png,Grave Clobber,"$45,00"
http://skylanderscharacterlist.com/wp-content/uploads/2016/05/EmberFinal.png,Ember,"$25,00"
http://skylanderscharacterlist.com/wp-content/uploads/2016/11/FlareWolf.png,Flarewolf,"$35,00"
http://skylanderscharacterlist.com/wp-content/uploads/2016/05/TaeKwonCrowFinal.png,Tae Kwon Crow,"$25,00"
http://skylanderscharacterlist.com/wp-content/uploads/2016/11/ChainReaction.png,Chain Reaction,"$45,00"
http://skylanderscharacterlist.com/wp-content/uploads/2016/11/RoBow.png,Ro-Bow,"$350,00"
http://skylanderscharacterlist.com/wp-content/uploads/2016/05/DrKrankCaseFinal.png,Dr. Krankcase,"$20,00"
http://skylanderscharacterlist.com/wp-content/uploads/2016/08/DrNeoCortex.png,Dr. Neo Cortex,"$17,00"
http://skylanderscharacterlist.com/wp-content/uploads/2016/05/ChopscotchFinal.png,Chopscotch,"$25,00"
http://skylanderscharacterlist.com/wp-content/uploads/2016/09/PitBossTemp.png,Pit Boss,"$23,00"
http://skylanderscharacterlist.com/wp-content/uploads/2016/05/WolfgangFinal.png,Wolfgang,"$25,00"
http://skylanderscharacterlist.com/wp-content/uploads/2016/07/AirStrike.png,Air Strike,"$35,00"
http://skylanderscharacterlist.com/wp-content/uploads/2016/11/WildStorm.png,Wild Storm,"$270,00"
http://skylanderscharacterlist.com/wp-content/uploads/2016/11/BadJuju.png,Bad Juju,"$30,00"
http://skylanderscharacterlist.com/wp-content/uploads/2016/11/BoomBloom.png,Boom Bloom,"$75,00"
http://skylanderscharacterlist.com/wp-content/uploads/2016/06/AmbushFinal.png,Ambush,"$25,00"
http://skylanderscharacterlist.com/wp-content/uploads/2016/05/ChompyMage.png,Chompy Mage,"$650,00"
http://skylanderscharacterlist.com/wp-content/uploads/2016/06/CrashBandicoot.png,Crash Bandicoot,"$17,00"
http://skylanderscharacterlist.com/wp-content/uploads/2016/05/AuroraFinal.png,Aurora,"$25,00"
http://skylanderscharacterlist.com/wp-content/uploads/2016/11/BlasterTron.png,Blaster-Tron,"$50,00"
http://skylanderscharacterlist.com/wp-content/uploads/2016/05/StarcastFinal.png,Starcast,"$75,00"
http://skylanderscharacterlist.com/wp-content/uploads/2016/05/HoodSickleTemp.png,Hood Sickle,"$65,00"
http://skylanderscharacterlist.com/wp-content/uploads/2016/05/Kaos.png,Kaos,"$35,00"
http://skylanderscharacterlist.com/wp-content/uploads/2016/06/DarkKingPen.png,Dark King Pen,"$15,00"
http://skylanderscharacterlist.com/wp-content/uploads/2016/06/DarkGoldenQueen.png,Dark Golden Queen,"$17,00"
http://skylanderscharacterlist.com/wp-content/uploads/2016/06/DarkWolfgang.png,Dark Wolfgang,"$35,00"
http://skylanderscharacterlist.com/wp-content/uploads/2016/09/LegendaryTriTip.png,Legendary Trip-Tip,"$35,00"
http://skylanderscharacterlist.com/wp-content/uploads/2016/09/LegendaryPitBoss.png,Legendary Pit Boss,"$50,00"
http://skylanderscharacterlist.com/wp-content/uploads/2016/11/MysticalBadJuju.png,Mystical Bad Juju,"$35,00"
http://skylanderscharacterlist.com/wp-content/uploads/2016/11/MysticalTaeKwonCrow.png,Mystical Tae Kwon Crow,"$35,00"
http://skylanderscharacterlist.com/wp-content/uploads/2016/11/SolarFlareAurora.png,Solar Flare Aurora,"$35,00"
http://skylanderscharacterlist.com/wp-content/uploads/2016/05/SteelPlatedHoodSickle.png,Steel Plated Hood Sickle,"$55,00"
https://skylanderscharacterlist.com/wp-content/uploads/2016/05/CandyCoatedChopscotch.png,Candy-Coated Chopscotch,"$25,00"
http://skylanderscharacterlist.com/wp-content/uploads/2017/03/EggBomberAirStrike_Actual.png,Egg Bomber Air Strike,"$40,00"
http://skylanderscharacterlist.com/wp-content/uploads/2017/03/HardBoiledFlareWolf_Actual.png,Hard-Boiled Flarewolf,"$45,00"
http://skylanderscharacterlist.com/wp-content/uploads/2016/11/JingleBellChompyMage.png,Jingle Bell Chompy Mage,"$40,00"
http://skylanderscharacterlist.com/wp-content/uploads/2016/05/EnchantedElvenForest.png,Enchanted Elven Forest,"$35,00"
http://skylanderscharacterlist.com/wp-content/uploads/2016/10/GryphonParkObservatoryWM.png,Gryphone Park Observatory,"$40,00"
http://skylanderscharacterlist.com/wp-content/uploads/2017/04/BlueChest.png,Blue Chest (Cursed Tiki Temple),"$50,00"
https://skylanderscharacterlist.com/wp-content/uploads/2017/04/BlueChest.png,Blue Chest (Lost Imaginite Mines),"$50,00"
http://skylanderscharacterlist.com/wp-content/uploads/2016/10/GoldMysteryChest.png,Gold Mystery Chest,"$7,00"
http://skylanderscharacterlist.com/wp-content/uploads/2016/10/SilverMysteryChest.png,Silver Mystery Chest,"$2,00"
http://skylanderscharacterlist.com/wp-content/uploads/2016/10/BronzeMysteryChest.png,Bronze Mystery Chest,"$4,00"
https://skylanderscharacterlist.com/wp-content/uploads/2014/12/EonsEliteSpyro.png,Eon's Elite Spyro,"$35,00"
https://skylanderscharacterlist.com/wp-content/uploads/2015/04/EonsEliteTerrafin.png,Eon's Elite Terrafin,"$40,00"
https://skylanderscharacterlist.com/wp-content/uploads/2015/04/EonsEliteGillGrunt.png,Eon's Elite Gill Grunt,"$35,00"
https://skylanderscharacterlist.com/wp-content/uploads/2015/04/EonsEliteEruptor.png,Eon's Elite Eruptor,"$35,00"
https://skylanderscharacterlist.com/wp-content/uploads/2014/12/EonsEliteTriggerHappy.png,Eon's Elite Trigger Happy,"$30,00"
https://skylanderscharacterlist.com/wp-content/uploads/2014/12/EonsEliteChopChop.png,Eon's Elite Chop Chop,"$30,00"
https://skylanderscharacterlist.com/wp-content/uploads/2014/12/EonsEliteWhirlwind.png,Eon's Elite Whirlwind,"$25,00"
https://skylanderscharacterlist.com/wp-content/uploads/2015/04/EonsEliteStealthElf.png,Eon's Elite Stealth Elf,"$65,00"
https://skylanderscharacterlist.com/wp-content/uploads/2015/07/EliteVoodood.png,Eon's Elite Voodood,"$30,00"
https://skylanderscharacterlist.com/wp-content/uploads/2015/07/EliteDinoRang.png,Eon's Elite Dino Rang,"$35,00"
https://skylanderscharacterlist.com/wp-content/uploads/2015/07/EonsEliteSlamBam.png,Eon's Elite Slam Bam,"$30,00"
https://skylanderscharacterlist.com/wp-content/uploads/2015/07/EonsEliteBoomer.png,Eon's Elite Boomer,"$30,00"
https://skylanderscharacterlist.com/wp-content/uploads/2015/07/EonsEliteGhostRoaster.png,Eon's Elite Ghost Roaster,"$60,00"
https://skylanderscharacterlist.com/wp-content/uploads/2015/07/EliteZook.png,Eon's Elite Zook,"$30,00"
http://skylanderscharacterlist.com/wp-content/uploads/2016/10/MagicClawCreationCrystalWM.png,Magic Claw,"$35,00"
http://skylanderscharacterlist.com/wp-content/uploads/2016/05/MagicLanternCreationCrystalWM.png,Magic Lantern,"$6,00"
http://skylanderscharacterlist.com/wp-content/uploads/2016/05/MagicPyramidCreationCrystalWM.png,Magic Pyramid,"$6,00"
http://skylanderscharacterlist.com/wp-content/uploads/2016/05/EarthArmorCreationCrystalWM.png,Earth Armor,"$7,00"
http://skylanderscharacterlist.com/wp-content/uploads/2016/05/EarthRocketCreationCrystalWM.png,Earth Rocket,"$4,00"
http://skylanderscharacterlist.com/wp-content/uploads/2016/05/WaterArmorCreationCrystalWM.png,Water Armor,"$8,00"
http://skylanderscharacterlist.com/wp-content/uploads/2016/10/WaterFangedCreationCrystalWM.png,Water Fanged,"$9,00"
http://skylanderscharacterlist.com/wp-content/uploads/2016/05/WaterRocketCreationCrystalWM.png,Water Rocket,"$5,00"
http://skylanderscharacterlist.com/wp-content/uploads/2016/10/FireAcornCreationCrystalWM.png,Fire Acorn,"$8,00"
http://skylanderscharacterlist.com/wp-content/uploads/2016/05/FireReactorCreationCrystalWM.png,Fire Reactor,"$3,00"
http://skylanderscharacterlist.com/wp-content/uploads/2016/10/TechArmorCreationCrystalWM.png,Tech Armor,"$6,00"
http://skylanderscharacterlist.com/wp-content/uploads/2016/05/TechReactorCreationCrystalWM.png,Tech Reactor,"$5,00"
http://skylanderscharacterlist.com/wp-content/uploads/2016/05/UndeadClawCreationCrystalWM.png,Undead Claw,"$5,00"
http://skylanderscharacterlist.com/wp-content/uploads/2016/05/UndeadFangedCreationCrystalWM.png,Undead Fanged,"$5,00"
http://skylanderscharacterlist.com/wp-content/uploads/2016/05/UndeadLanternCreationCrystalWM.png,Undead Lantern,"$10,00"
http://skylanderscharacterlist.com/wp-content/uploads/2016/05/AirAngelCreationCrystalWM.png,Air Angel,"$5,00"
http://skylanderscharacterlist.com/wp-content/uploads/2016/10/AirLanternCreationCrystalWM.png,Air Lantern,"$14,00"
http://skylanderscharacterlist.com/wp-content/uploads/2016/05/LifeAcornCreationCrystalWM.png,Life Acorn,"$5,00"
http://skylanderscharacterlist.com/wp-content/uploads/2016/05/LifeClawCreationCrystalWM.png,Life Claw,"$7,00"
http://skylanderscharacterlist.com/wp-content/uploads/2016/10/LifeRocketCreationCrystalWM.png,Life Rocket,"$9,00"
http://skylanderscharacterlist.com/wp-content/uploads/2016/05/LifeRuneCreationCrystalWM.png,Life Rune,"$7,00"
http://skylanderscharacterlist.com/wp-content/uploads/2016/05/LightFangedCreationCrystalWM.png,Light Fanged,"$14,00"
http://skylanderscharacterlist.com/wp-content/uploads/2016/05/LightRuneCreationCrystalWM.png,Light Rune,"$13,00"
http://skylanderscharacterlist.com/wp-content/uploads/2016/10/DarkPyramidCreationCrystalWM.png,Dark Pyramid,"$18,00"
http://skylanderscharacterlist.com/wp-content/uploads/2017/03/DarkReactorCreationCrystalWM.png,Dark Reactor,"$23,00"
http://skylanderscharacterlist.com/wp-content/uploads/2016/05/DarkRuneCreationCrystalWM.png,Dark Rune,"$20,00"
http://skylanderscharacterlist.com/wp-content/uploads/2016/11/LegendaryLifeAcorn.png,Legendary Life Acorn,"$55,00"
http://skylanderscharacterlist.com/wp-content/uploads/2016/05/LegendaryLightFanged.png,Legendary Light Fanged,"$50,00"
http://skylanderscharacterlist.com/wp-content/uploads/2016/10/LegendaryMagicLantern.png,Legendary Magic Lantern,"$50,00"
http://skylanderscharacterlist.com/wp-content/uploads/2013/03/GlowInTheDarkWreckingBall-150x150.png ,GITD  Wrecking Ball,"$295,00"
http://skylanderscharacterlist.com/wp-content/uploads/2013/03/GlowInTheDarkZap-150x150.png ,GITD Zap,"$360,00"
http://skylanderscharacterlist.com/wp-content/uploads/2013/03/GlowInTheDarkWarnado1-150x150.png ,GITD Warnado,"$286,00"
http://skylanderscharacterlist.com/wp-content/uploads/2013/12/GlowInTheDarkCynder-150x150.png,GITD Cynder,"$10,00"
http://skylanderscharacterlist.com/wp-content/uploads/2013/12/GlowInTheDarkFrightRider-150x150.png,GITD Fright Rider,"$20,00"
http://skylanderscharacterlist.com/wp-content/uploads/2013/12/GlowInTheDarkSonicBoom-150x150.png,GITD Sonic Boom,"$30,00"
http://skylanderscharacterlist.com/wp-content/uploads/2013/03/BlueBash-150x150.png ,Blue Bash,"$28,00"
http://skylanderscharacterlist.com/wp-content/uploads/2013/03/GreenGillGrunt-150x150.png ,Green Gill Grunt,"$18,00"
https://images.hobbydb.com/processed_uploads/catalog_item_photo/catalog_item_photo/image/752018/Twin_Blade_Chop_Chop_Figures_and_Toy_Soldiers_ad5f7434-234d-4f49-826e-34ae7644771d_medium.jpg,Green Chop Chop,"$260,00"
https://lh3.googleusercontent.com/d/1MunN4hnvyWCMIFgboEogP1dEvLLobSps,Green Rip Tide,"$175,00"
https://thumbs.coleka.com/media/item/20160205/skylanders-green-scorp.webp,Green Scorp,"$170,00"
http://skylanderscharacterlist.com/wp-content/uploads/2013/03/RedDrillSergeant-150x150.png ,Red Drill Sergeant,"$14,00"
http://skylandernutts.com/wp-content/uploads/2014/01/Camo-Red-Full.jpg,Red Camo,"$675,00"
http://skylanderscharacterlist.com/wp-content/uploads/2014/06/PearlHex-150x150.png ,Pearl Hex,"$450,00"
http://skylanderscharacterlist.com/wp-content/uploads/2013/03/ChromeSpyro-150x150.png ,Chrome Spyro,"$475,00"
http://skylandernutts.com/wp-content/uploads/2014/01/silver-dino-rang.jpg,Silver Dino-Rang,"$270,00"
http://skylandernutts.com/wp-content/uploads/2014/01/silver-eruptor.jpg,Silver Eruptor,"$235,00"
http://skylandernutts.com/wp-content/uploads/2014/01/silver-boomer.jpg,Silver Boomer,"$300,00"
http://skylanderscharacterlist.com/wp-content/uploads/2014/06/GoldChopChop-150x150.png ,Gold Chop Chop,"$300,00"
http://skylanderscharacterlist.com/wp-content/uploads/2013/06/GoldDrillSergeant-150x150.png ,Gold Drill Sergeant,"$275,00"
http://skylanderscharacterlist.com/wp-content/uploads/2014/06/GoldFlameslinger-150x150.png ,Gold Flameslinger,"$350,00"
http://skylanderscharacterlist.com/wp-content/uploads/2013/11/GoldenFlameslinger-150x150.png,Golden Flameslinger,"$30,00"
https://images.hobbydb.com/processed_uploads/catalog_item_photo/catalog_item_photo/image/752314/Wham-Shell_Figures_and_Toy_Soldiers_326d77bf-20f4-49d7-a2d6-243cc14d2c7d_medium.jpg,Crystal Clear Wham-Shell,"$330,00"
https://images.hobbydb.com/processed_uploads/catalog_item_photo/catalog_item_photo/image/752313/Stealth_Elf_Figures_and_Toy_Soldiers_05a08440-1190-4fb8-bfea-1eb89b7834fc_medium.jpg,Crystal Clear Stealth Elf,"$430,00"
http://skylanderscharacterlist.com/wp-content/uploads/2014/06/CrystalCynder-150x150.png ,Crystal Clear Cynder,"$340,00"
https://lh3.googleusercontent.com/d/15tYYOD2giwakPkbw4WClAU747qNAgcD-,Crystal Clear Whirlwind,"$560,00"
https://lh3.googleusercontent.com/d/12B5idOMPYNkihbMYkprkn_X0EdtXREPs,Clear Hot Dog (Green),"$170,00"
https://i5.walmartimages.com/seo/Skylanders-Swap-Force-Hot-Dog-Series-2-Clear-Pur-Character-Pack-Universal-Pre-Owned_a038d811-d4bc-4990-9521-abf891c2faaf_1.94f10ee68a59748b6453c7de789a8092.jpeg?odnHeight=768&odnWidth=768&odnBg=FFFFFF,Clear Hot Dog (Purple),"$170,00"
https://lh3.googleusercontent.com/d/19zedAtINkd0DbLkpHWM4yyABGG0Fm7gu,Clear Hot Dog (Red),"$170,00"
https://ae01.alicdn.com/kf/H51156079c66441c6a3afcbc246c65d0eI/Skylanders-Spyro-s-Trap-Team-Short-Cut-Crystal-Clear-Extremely-Rare-Action-Figure-Model-Collection-Toys.jpg,Clear Short Cut,"$240,00"
https://ae01.alicdn.com/kf/H9af4a534a6f849f7a33050130e8c94f4t/Skylanders-Spyro-s-Trap-Team-Crystal-Clear-Thunderbolt-Variant-RARE-Action-Figure-Model-Collection-Toys-for.jpg,Clear Thunderbolt,"$250,00"
https://lh3.googleusercontent.com/d/1T1r5FBm0tzripUcdctbg1TgV5VPZos_b,Clear Tuff Luck,"$250,00"
https://bkshop.uk/wp-content/uploads/2024/10/starcast-clear.png,Clear Starcast,"$250,00"
http://skylanderscharacterlist.com/wp-content/uploads/2014/02/MetallicPurpleCynder-150x150.png ,Metallic Purple Cynder,"$300,00"
http://skylanderscharacterlist.com/wp-content/uploads/2013/12/PurpleEyeBrawl-150x150.png,Metallic Eye-Brawl,"$300,00"
http://skylanderscharacterlist.com/wp-content/uploads/2013/12/PurpleLightningRod-150x150.png,Metallic Lightning Rod,"$250,00"
http://skylanderscharacterlist.com/wp-content/uploads/2013/12/PurpleWreckingBall-150x150.png,Metallic Wrecking Ball,"$250,00"
http://skylanderscharacterlist.com/wp-content/uploads/2014/06/MetallicBlueChopChop-150x150.png,Metallic Blue Chop Chop,"$320,00"
http://skylanderscharacterlist.com/wp-content/uploads/2014/02/MetallicRedDuneBug1-150x150.png,Metallic Red Dune Bug,"$300,00"
http://skylanderscharacterlist.com/wp-content/uploads/2014/02/DoubleTrouble15-150x150.png,Double Trouble 1.5,"$25,00"
http://skylanderscharacterlist.com/wp-content/uploads/2014/02/PumpkinEyeBrawl-150x150.png,Pumpkin Eye-Brawl,"$18,00"
http://skylandernutts.com/wp-content/uploads/2014/01/Fright-Rider-Halloween1.jpg,Halloween Fright Rider,"$85,00"
http://skylanderscharacterlist.com/wp-content/uploads/2013/11/GoldWashBuckler1-150x150.png,Metallic Wash Buckler,"$30,00"
http://skylanderscharacterlist.com/wp-content/uploads/2013/07/MetallicGreenGillGrunt-150x150.png,Metallic Green Gill Grunt,"$12,00"
http://skylanderscharacterlist.com/wp-content/uploads/2014/06/MetallicGreenShroomboom-150x150.png,Metallic Green Shroomboom,"$40,00"
https://images.hobbydb.com/processed_uploads/catalog_item_photo/catalog_item_photo/image/752012/Bronze_and_Silver_Trap_Shadow_Figures_and_Toy_Soldiers_0b407041-1414-455e-83be-36d7ca7d4a2f_large.jpg,Bronze & Silver Trap Shadow,"$300,00"
https://images.hobbydb.com/processed_uploads/catalog_item_photo/catalog_item_photo/image/752017/Gold_and_Bronze_Doom_Stone_Figures_and_Toy_Soldiers_13d9e9f5-05e7-49ed-bf7f-f923a9f8ce1c_large.jpg,Gold & Bronze Doom Stone,"$260,00"
http://skylandernutts.com/wp-content/uploads/2014/05/Stink-Bomb-Gold-Silver-Plain.jpg,Silver & Gold Stink Bomb,"$300,00"
http://skylanderscharacterlist.com/wp-content/uploads/2014/06/GoldFireKraken-150x150.png,Gold Fire Kraken,"$250,00"
http://skylanderscharacterlist.com/wp-content/uploads/2014/06/E3_Special_Hot_Dog_Bronze-150x150.png,Bronze Hot Dog,"$150,00"
https://thumbs.coleka.com/media/item/201609/26/skylanders-superchargers-bronze-bone-bash-roller-brawl.webp,Bronze Bone Bash Roller Brawl,"$170,00"
https://encrypted-tbn0.gstatic.com/images?q=tbn:ANd9GcQGbev-FHirRhtc6lJrvDHkC1BDuFvTLDNNVQ&usqp=CAU,Bronze Tomb Buggy,"$220,00"
http://skylanderscharacterlist.com/wp-content/uploads/2014/01/ArmySprocket-150x150.png,Heavy Metal Sprocket,"$50,00"
http://skylanderscharacterlist.com/wp-content/uploads/2013/12/StoneWhirlwind-150x150.png,Stone Whirlwind,"$430,00"
http://skylanderscharacterlist.com/wp-content/uploads/2013/12/StoneZook-150x150.png,Stone Zook,"$200,00"
http://skylanderscharacterlist.com/wp-content/uploads/2013/12/SparkleHotHead-150x150.png,Sparkle Hot Head,"$330,00"
http://skylanderscharacterlist.com/wp-content/uploads/2013/12/SparkleSonicBoom-150x150.png,Sparkle Sonic Boom,"$300,00"
http://skylanderscharacterlist.com/wp-content/uploads/2013/12/SparkleSprocket-150x150.png,Sparkle Sprocket,"$300,00"
http://skylanderscharacterlist.com/wp-content/uploads/2014/06/WhiteFlockedEruptor-150x150.png,White Flocked Eruptor,"$240,00"
http://skylanderscharacterlist.com/wp-content/uploads/2014/06/WhiteFlockedLightCorePrismBreak-150x150.png,White Flocked Prism Break,"$325,00"
http://skylanderscharacterlist.com/wp-content/uploads/2014/06/WhiteFlockedStumpSmash-150x150.png,White Flocked Stump Smash,"$310,00"
http://skylanderscharacterlist.com/wp-content/uploads/2014/02/FlockedStumpSmash-150x150.png ,Flocked Stump Smash,"$200,00"
http://skylanderscharacterlist.com/wp-content/uploads/2014/06/FlockedSpringtimeTriggerHappy-150x150.png,Flocked Springtime Trigger Happy,"$250,00"
https://thumbs.coleka.com/media/item/20160207/skylanders-patina-high-volt.webp,Patina High Volt,"$100,00"
https://lh3.googleusercontent.com/d/1oMd3P8jYeadck9vOx-Xvdg1yW0htf7iR,Patina Shield Striker,"$120,00"
https://thumbs.coleka.com/media/item/20160205/skylanders-patina-eruptor-supercharger-001_250x250.webp,Patina Lava Lance Eruptor,"$130,00"
https://encrypted-tbn0.gstatic.com/images?q=tbn:ANd9GcQSoG2oEIeizFPOOAakfnifJp_viryEn_nQ7w&usqp=CAU,Patina Burn-Cycle,"$70,00"
https://www.picclickimg.com/yhgAAOSw4oBgJkKC/Skylanders-Clear-Orange-Chain-Reaction-Very-Rare.webp,Orange Chain Reaction,"$300,00"
https://bkshop.uk/wp-content/uploads/2024/10/barbella-pink.png,Pink Barbella,"$300,00"
https://mlxlhxlapfug.i.optimole.com/cb:HoLV.2bef5/w:auto/h:auto/q:mauto/https://www.retrodungeon.se/wp-content/uploads/2024/09/fe19fb415667c0cc905fc29dfd539ff8.jpg,Rock Candy Pain-Yatta,"$425,00"
http://skylanderscharacterlist.com/wp-content/uploads/2014/06/EmployeeEditionPrismBreak-150x150.png,Employee LightCore Prism Break,"$330,00"
https://images.hobbydb.com/processed_uploads/catalog_item_photo/catalog_item_photo/image/752026/Snowderdash_Figures_and_Toy_Soldiers_8d47fe43-c928-4dab-a5ab-439953445e4a_medium.jpg,Employee Snowderdash,"$170,00"
https://skylanderscharacterlist.com/wp-content/uploads/2023/09/SnowBriteStormblade.jpg,Employee Snow-Brite Stormblade,"$180,00"
https://ie.static.webuy.com/product_images/Gaming/NFC%20Figures/SNFCSKYIMAMASDEC_l.jpg,Employee Dec-Ember,"$140,00"
https://lh3.googleusercontent.com/d/1xumlyjfxhzbPwQsBIe-5i7S4CEnObvXn,Happy Birthday Ben Starcast,"$5345,00"
https://static.wikia.nocookie.net/skylanders/images/0/0f/TargetPreorderCard_UFOHat.png/revision/latest/scale-to-width-down/250?cb=20171122141458,UFO Hat Reservation Card,"$40,00"
https://skylanderscharacterlist.com/wp-content/uploads/2015/06/HotStreak.png,Mobile Hot Streak,"$20,00"
https://i.ebayimg.com/images/g/2acAAOSwO09lNVTm/s-l1600.png,Macy's Thanksgiving Day Parade Eruptor,"$50,00"
https://static.wikia.nocookie.net/skylanders/images/7/72/SkylandersSpyrosAdventureWiiDisc.jpg/revision/latest/scale-to-width-down/250?cb=20220807031246,Spyro's Adventure (Wii),"$7,00"
https://lh3.googleusercontent.com/d/1MKeQVSYSkttzJNfr0-vtMSPvQTpa3RZF,Spyro's Adventure (Xbox 360),"$8,00"
https://vgcollect.com/images/cart-art/147050.jpg,Spyro's Adventure (PS3),"$12,00"
https://encrypted-tbn0.gstatic.com/images?q=tbn:ANd9GcRJvGnfXIbXlRlgnGc17xjlTqqQeHduf6DCFkLmvrF7e4_tTNcX0VHm8C-5T-0J2w614ls&usqp=CAU,Spyro's Adventure (PC),"$95,00"
https://skylanderscharacterlist.com/wp-content/uploads/2023/05/Game_SpyrosAdventure_3DS.jpg,Spyro's Adventure (3DS),"$15,00"
,Spyro's Adventure (Wii U),"$85,00"
,Giants (Wii),"$12,00"
https://lh3.googleusercontent.com/d/1s_4yel2NWEZxftAjE9EvUjbk2gpuLrkW,Giants (Xbox 360),"$22,00"
https://encrypted-tbn0.gstatic.com/images?q=tbn:ANd9GcQntDyN5iosdQ8FQXOQjFXKNJg6Rkzpr-2r9w&usqp=CAU,Giants (PS3),"$12,00"
https://m.media-amazon.com/images/I/81ktizgrReL._SL1500_.jpg,Giants (3DS),"$6,00"
https://cdn.mobygames.com/989b6254-abf2-11ed-83f5-02420a000134.webp,Giants (Wii U),"$8,00"
https://cdn.mobygames.com/covers/7080510-skylanders-swap-force-dark-edition-starter-pack-wii-media.jpg,Swap Force (Wii),"$18,00"
https://lh3.googleusercontent.com/d/1uIBotLe6cXYXKtO5cozK5WeiApSEXiiQ,Swap Force (Xbox 360),"$18,00"
https://encrypted-tbn0.gstatic.com/images?q=tbn:ANd9GcT4RCAQG1-QoZNXd_2oRFN9aF8A2AdywTvwEQ&usqp=CAU,Swap Force (PS3),"$18,00"
"https://images-na.ssl-images-amazon.com/images/I/81pa2aa0khL._AC_UL600_SR600,600_.jpg",Swap Force (3DS),"$25,00"
https://cdn.mobygames.com/covers/7050968-skylanders-swap-force-wii-u-media.jpg,Swap Force (Wii U),"$15,00"
https://lh3.googleusercontent.com/d/1a51ITwTk3tm6ML1TKXSxTM38WUgW-BZB,Swap Force (Xbox One),"$20,00"
https://cdn.mobygames.com/covers/7195990-skylanders-swap-force-playstation-4-media.jpg,Swap Force (PS4),"$45,00"
https://cdn.mobygames.com/1fafe436-ab99-11ed-9d05-02420a000198.webp,Trap Team (Wii),"$30,00"
https://cdn.mobygames.com/82b54abc-ab99-11ed-b325-02420a00019e.webp,Trap Team (Xbox 360),"$22,00"
https://images-ext-2.discordapp.net/external/BIHun_prKE12yawJFY5oylpVTL3qMsU2PA3LNBsvNuQ/https/i.ebayimg.com/images/g/umMAAOSwOo9g4kAI/s-l1600.jpg?format=webp&width=641&height=600,Trap Team (PS3),"$30,00"
https://images-ext-1.discordapp.net/external/JCdSsDTpPV0qGACbcTv1UvbfggQCSKJojJHwimh8yro/https/i.ebayimg.com/images/g/9nsAAOSwXldg0mZu/s-l1600.jpg?format=webp&width=668&height=600,Trap Team (3DS),"$6,00"
https://lh3.googleusercontent.com/d/1O2AhgfEZBp-InI1X_RWZqph3_mo76jVO,Trap Team (Wii U),"$18,00"
https://lh3.googleusercontent.com/d/13JmAT3-Q2h1a5vek0jydp4rTj-yxLB9Q,Trap Team (Xbox One),"$32,00"
https://lh3.googleusercontent.com/d/14nwKAe8E3WC8bmpyBiPC2aFvR4U1bL58,Trap Team (PS4),"$40,00"
https://encrypted-tbn0.gstatic.com/images?q=tbn:ANd9GcQgi9UPL-Q6SM06fKpndoHvY_bEI1mu5RFqIA&usqp=CAU,Superchargers Racing (Wii),"$15,00"
https://lh3.googleusercontent.com/d/1Aqi7n-IpK_a9_FPtEr_oFnmkg_4N2_GA,Superchargers (Xbox 360),"$20,00"
https://lh3.googleusercontent.com/d/1OhCrQom9c21Y9GeQxZ-B0pp0DpUCNmi0,Superchargers (PS3),"$10,00"
https://i5.walmartimages.com/seo/Skylanders-Superchargers-Standalone-Game-Only-For-3Ds_6f517af3-8742-40ae-a4be-c00a58d70d10.a32bfde85ad9d23c7b7c7eb21257fb3c.jpeg?odnHeight=768&odnWidth=768&odnBg=FFFFFF,Superchargers Racing (3DS),"$10,00"
https://images.launchbox-app.com/e07a4f82-ef95-48bb-9bb6-65e2e3e7732c.png,Superchargers (Wii U),"$18,00"
https://media.discordapp.net/attachments/1141839997436170260/1183208237198225509/image.png?ex=65877f8a&is=65750a8a&hm=a0e313590a98f5ad1638e56cb2a708cae62b9fb207f828c9e964c63dcd7775a6&=&format=webp&quality=lossless&width=600&height=600,Superchargers (Xbox One),"$28,00"
https://media.discordapp.net/attachments/1141839997436170260/1183188834700238949/SSC_disc.png?ex=65876d78&is=6574f878&hm=1568ac08ad7a0e259561017ac7d93859f36458fa84599b26e267fb530183ddff&=&format=webp&quality=lossless&width=265&height=260,Superchargers (PS4),"$38,00"
https://media.discordapp.net/attachments/1141839997436170260/1183208013142704178/image.png?ex=65877f55&is=65750a55&hm=77ddd16db2f4d2c8b74fb87d3a70fcd49b67b90d9a027d9df7e9c0b77cb1ff74&=&format=webp&quality=lossless&width=265&height=253,Imaginators (Xbox 360),"$28,00"
https://lh3.googleusercontent.com/d/1Fk8vOAVRkwdOokS6G6gMvp72g8eCs386,Imaginators (PS3),"$18,00"
https://images.launchbox-app.com/d31a5f2e-32c3-45eb-82ec-e5dc58527b5b.png,Imaginators (Wii U),"$22,00"
https://media.discordapp.net/attachments/1141839997436170260/1183151919489896478/imaginators_disc.png?ex=65874b17&is=6574d617&hm=318c6a002145641c5e1ab0835e76e851fab1c07fc41d376f33544159e4594123&=&format=webp&quality=lossless&width=606&height=600,Imaginators (Xbox One),"$22,00"
https://lh3.googleusercontent.com/d/1XstPScagq1FniqLT7cg3Rm8qjWB0oXTn,Imaginators (PS4),"$70,00"
https://media.gamestop.com/i/gamestop/10146948/Skylanders-Imaginators-Video-Game?$pdp$,Imaginators (Switch),"$65,00"
https://skylanderscharacterlist.com/wp-content/uploads/2022/02/Portal.jpeg,Spyro's Adventure Wireless Portal (Wii),"$18,00"
https://skylanderscharacterlist.com/wp-content/uploads/2022/02/Portal.jpeg,Spyro's Adventure Wireless Portal (PS3),"$13,00"
"https://skylanderscharacterlist.com/wp-content/uploads/2021/06/SSA.jpg
",Spyro's Adventure Portal (Xbox 360),"$9,00"
"https://skylanderscharacterlist.com/wp-content/uploads/2021/06/SSA.jpg
",Spyro's Adventure Portal (PC),"$20,00"
https://skylanderscharacterlist.com/wp-content/uploads/2021/12/sky_portal_3ds_1.jpg,Spyro's Adventure Portal (3DS),"$10,00"
https://skylanderscharacterlist.com/wp-content/uploads/2021/06/SG.jpg,Giants Portal,"$18,00"
https://skylanderscharacterlist.com/wp-content/uploads/2021/06/SG.jpg,Giants Glow in the Dark Portal,"$22,00"
https://skylanderscharacterlist.com/wp-content/uploads/2021/06/SG.jpg,Giants Portal (Xbox 360),"$16,00"
https://skylanderscharacterlist.com/wp-content/uploads/2021/06/SG.jpg,Giants Glow in the Dark Portal (Xbox 360),"$35,00"
https://skylanderscharacterlist.com/wp-content/uploads/2021/06/SG_3DS.jpg,Giants Portal (3DS),"$8,00"
https://lh3.googleusercontent.com/d/1jQ-TIzD4Y-ij_x5JSTMuD7lQrSorQ6d1,Giants Glow in the Dark Portal (3DS),"$38,00"
https://images.mobilefun.co.uk/graphics/productgalleries/37335/b.jpg,Battlegrounds Portal,"$19,00"
https://skylanderscharacterlist.com/wp-content/uploads/2021/06/SSF.jpg,Swap Force Portal,"$7,00"
https://skylanderscharacterlist.com/wp-content/uploads/2021/06/SSF.jpg,Swap Force Portal (Xbox 360),"$9,00"
https://skylanderscharacterlist.com/wp-content/uploads/2021/06/SSF.jpg,Swap Force Portal (Xbox One),"$24,00"
https://skylanderscharacterlist.com/wp-content/uploads/2021/07/SSF_3DS.jpg,Swap Force Portal (3DS),"$14,00"
https://skylanderscharacterlist.com/wp-content/uploads/2021/06/STT.jpg,Trap Team Portal,"$18,00"
https://skylanderscharacterlist.com/wp-content/uploads/2021/06/STT.jpg,Trap Team Portal (Xbox 360),"$11,50"
https://skylanderscharacterlist.com/wp-content/uploads/2021/06/STT.jpg,Trap Team Portal (Xbox One),"$69,00"
https://skylanderscharacterlist.com/wp-content/uploads/2021/12/SkylandersTrapTeam_MobilePortal.jpg,Trap Team/Superchargers Portal (Mobile),"$15,00"
https://skylanderscharacterlist.com/wp-content/uploads/2021/06/SSC.jpg,Superchargers Portal ,"$10,50"
https://skylanderscharacterlist.com/wp-content/uploads/2021/06/SSC.jpg,Superchargers Portal (Xbox 360),"$15,00"
https://skylanderscharacterlist.com/wp-content/uploads/2021/06/SSC.jpg,Superchargers Portal (Xbox One),"$27,00"
https://skylanderscharacterlist.com/wp-content/uploads/2021/06/SSF.jpg,Imaginators Portal,"$15,00"
https://skylanderscharacterlist.com/wp-content/uploads/2021/06/SSF.jpg,Imaginators Portal (Xbox 360),"$15,00"
https://skylanderscharacterlist.com/wp-content/uploads/2021/06/SSF.jpg,Imaginators Portal (Xbox One),"$27,00"
https://lh3.googleusercontent.com/d/1zJQodOVAF_LtUISsFpq3NlF9UY7O16qr,Imaginators Portal (EU/AU),"$9,00"
https://lh3.googleusercontent.com/d/1zJQodOVAF_LtUISsFpq3NlF9UY7O16qr,Imaginators Portal (Xbox 360) (EU/AU),"$8,00"
https://lh3.googleusercontent.com/d/1zJQodOVAF_LtUISsFpq3NlF9UY7O16qr,Imaginators Portal (Xbox One) (EU/AU),"$23,00"
https://i.ebayimg.com/images/g/zJcAAOSwmTNhAGfi/s-l1200.webp,Trap Tray,"$21,00"
https://images-ext-2.discordapp.net/external/hq8pI4ljY1fXnhjIOlEOde_A4PQ2DE5CqJumEkliJhk/https/i.redd.it/puumnvc0f5m61.jpg?format=webp&width=715&height=600,Trap Tray (Dark),"$25,00"
https://i.ebayimg.com/images/g/rn4AAOSwlWllYraB/s-l1600.jpg,Trap Storage Chest (Tan Tray),"$73,00"
https://images-ext-1.discordapp.net/external/ERQ7YhYr2bKatgY8aL--mzgSN3hMEv195OkHCXNU9is/%3Fq%3Dtbn%3AANd9GcRffYpTNqxeum1vERvkMbTnqMD42nUt3ngVeg%26usqp%3DCAU/https/encrypted-tbn0.gstatic.com/images?format=webp&width=281&height=281,Trap Storage Chest (Gathering at Wolfgang's),"$67,00"
https://i.ebayimg.com/images/g/U4sAAOSwc5VhJya5/s-l400.jpg,Spyro's Adventure Poster,"$9,90"
https://oyster.ignimgs.com/mediawiki/apis.ign.com/skylanders-giants/4/45/PRT0000510_SG_CollectorsPoster_Console.jpg?width=960,Giants Poster,"$8,90"
https://thumbs.coleka.com/media/item/20160205/skylanders-skylanders-swap-force-poster.webp,Swap Force Poster,"$12,00"
https://www.spiltema.dk/wp-content/uploads/2021/02/lll.jpeg,SSF Mega Character Poster (Dark Edition),"$22,00"
https://pbs.twimg.com/media/B6m0TIrIMAA3Bk8.jpg:large,Trap Team Poster,"$22,00"
https://mms.businesswire.com/media/20140721005423/en/424669/5/STT_KeyArt_DarkEdition_FINAL_2.jpg?download=1,Trap Team Poster (Dark Edition),"$22,00"
https://thumbs.coleka.com/media/item/20160311/skylanders-superchargers-poster-du-jeu-skylanders-superchargers.webp,Superchargers Poster,"$18,00"
https://i.ebayimg.com/images/g/zd4AAOSwcKtgOElP/s-l1600.jpg,Superchargers Poster (Dark Edition),"$15,00"
"https://images-na.ssl-images-amazon.com/images/I/81N1TZyJksL._AC_UL600_SR600,600_.jpg",Imaginators Poster,"$7,00"
https://images-na.ssl-images-amazon.com/images/I/61UIj2FMvpL.jpg,Imaginators Poster (Dark Edition),"$15,00"
https://skylanderscharacterlist.com/wp-content/uploads/2021/11/CYOS_Card.jpg,CYOS Card,"$420,00"
https://skylanderscharacterlist.com/wp-content/uploads/2021/11/CYOS_3D_Printed_Figure-400x400.jpg,CYOS 3D Printed Figure,"$1050,00"
https://lh3.googleusercontent.com/d/1Np4EQfMKeC4m0W2DaPGurs36jK_9tD-L,(UNRELEASED) Earth Rune,"$31,00"
https://lh3.googleusercontent.com/d/1DVUxgYfbZSW0TGfIXIkC6vukdvGSc_MA,(UNRELEASED) Light Angel,"$19,00"
https://lh3.googleusercontent.com/d/1sbkIcwjCJ9eYfPWQzDw8YHJb6IB49IoY,(UNRELEASED) Tech Pyramid,"$38,00"
https://lh3.googleusercontent.com/d/1v_4P0qp7Pp0xK93UNikpwz4z1FjwLxlD,(UNRELEASED) Air Acorn,"$41,00"
https://skylanderscharacterlist.com/wp-content/uploads/2021/11/Fire_Angel_Creation_Crystal-400x400.jpg,(UNRELEASED) Fire Angel,Not Purchaseable
http://skylanderscharacterlist.com/wp-content/uploads/2016/11/HeartbreakerBuckshot.png,(UNRELEASED) Heaterbreaker Buckshot,Not Purchaseable